113,,112,,111,,110,,109,,108,,107,,106,,105,,104,,103,,102,,101,
區　域　別, 年底人口數 ,區　域　別, 年底人口數 ,區　域　別, 年底人口數 ,區　域　別, 年底人口數 ,區　域　別, 年底人口數 ,區　域　別, 年底人口數 ,區　域　別, 年底人口數 ,區　域　別, 年底人口數 ,區　域　別, 年底人口數 ,區　域　別, 年底人口數 ,區　域　別, 年底人口數 ,區　域　別, 年底人口數 ,區　域　別, 年底人口數 
總　　計　,"23,400,220",總　　計　,"23,420,442",總　　計　,"23,264,640",總　　計　,"23,375,314",總　　計　,"23,561,236",總　　計　,"23,603,121",總　　計　,"23,588,932",總　　計　,"23,571,227",總　　計　,"23,539,816",總　　計　,"23,492,074",總　　計　,"23,433,753",總　　計　,"23,373,517",總　　計　,"23,315,822"
新  北  市　,"4,047,001",新  北  市　,"4,041,120",新  北  市　,"3,995,551",新  北  市　,"4,008,113",新  北  市　,"4,030,954",新  北  市　,"4,018,696",新  北  市　,"3,995,717",新  北  市　,"3,986,689",新  北  市　,"3,979,208",新  北  市　,"3,970,644",新  北  市　,"3,966,818",新  北  市　,"3,954,929",新  北  市　,"3,939,305"
　板橋區　,"553,538",　板橋區　,"554,247",　板橋區　,"549,572",　板橋區　,"552,713",　板橋區　,"557,114",　板橋區　,"556,897",　板橋區　,"554,742",　板橋區　,"551,480",　板橋區　,"552,285",　板橋區　,"554,236",　板橋區　,"555,914",　板橋區　,"556,920",　板橋區　,"557,440"
　三重區　,"383,355",　三重區　,"383,108",　三重區　,"379,825",　三重區　,"381,731",　三重區　,"385,328",　三重區　,"386,336",　三重區　,"385,826",　三重區　,"387,484",　三重區　,"388,581",　三重區　,"388,447",　三重區　,"389,325",　三重區　,"389,813",　三重區　,"390,090"
　中和區　,"405,956",　中和區　,"407,273",　中和區　,"403,109",　中和區　,"406,140",　中和區　,"411,214",　中和區　,"413,069",　中和區　,"412,486",　中和區　,"413,590",　中和區　,"414,266",　中和區　,"414,304",　中和區　,"415,226",　中和區　,"415,742",　中和區　,"416,499"
　永和區　,"213,742",　永和區　,"214,771",　永和區　,"212,170",　永和區　,"214,967",　永和區　,"219,364",　永和區　,"220,595",　永和區　,"221,098",　永和區　,"222,585",　永和區　,"223,999",　永和區　,"225,409",　永和區　,"227,267",　永和區　,"229,062",　永和區　,"230,768"
　新莊區　,"423,503",　新莊區　,"423,607",　新莊區　,"419,966",　新莊區　,"421,381",　新莊區　,"422,653",　新莊區　,"420,473",　新莊區　,"417,754",　新莊區　,"416,524",　新莊區　,"414,156",　新莊區　,"413,243",　新莊區　,"411,711",　新莊區　,"409,760",　新莊區　,"407,012"
　新店區　,"306,571",　新店區　,"304,868",　新店區　,"298,594",　新店區　,"299,696",　新店區　,"303,532",　新店區　,"303,445",　新店區　,"302,231",　新店區　,"302,089",　新店區　,"301,168",　新店區　,"300,267",　新店區　,"299,730",　新店區　,"299,017",　新店區　,"297,637"
　樹林區　,"178,981",　樹林區　,"180,658",　樹林區　,"180,067",　樹林區　,"181,903",　樹林區　,"183,470",　樹林區　,"183,926",　樹林區　,"183,946",　樹林區　,"184,149",　樹林區　,"184,400",　樹林區　,"184,249",　樹林區　,"184,167",　樹林區　,"183,407",　樹林區　,"182,012"
　鶯歌區　,"89,339",　鶯歌區　,"89,080",　鶯歌區　,"88,406",　鶯歌區　,"88,131",　鶯歌區　,"87,674",　鶯歌區　,"86,869",　鶯歌區　,"86,361",　鶯歌區　,"86,593",　鶯歌區　,"87,231",　鶯歌區　,"87,965",　鶯歌區　,"89,075",　鶯歌區　,"88,637",　鶯歌區　,"88,336"
　三峽區　,"115,335",　三峽區　,"115,608",　三峽區　,"115,274",　三峽區　,"116,019",　三峽區　,"116,917",　三峽區　,"116,478",　三峽區　,"115,820",　三峽區　,"114,926",　三峽區　,"114,180",　三峽區　,"112,708",　三峽區　,"111,588",　三峽區　,"110,010",　三峽區　,"107,794"
　淡水區　,"200,726",　淡水區　,"194,399",　淡水區　,"187,823",　淡水區　,"185,197",　淡水區　,"183,278",　淡水區　,"178,610",　淡水區　,"173,502",　淡水區　,"169,597",　淡水區　,"165,765",　淡水區　,"162,221",　淡水區　,"158,953",　淡水區　,"155,241",　淡水區　,"150,687"
　汐止區　,"210,817",　汐止區　,"209,481",　汐止區　,"206,265",　汐止區　,"205,990",　汐止區　,"205,847",　汐止區　,"203,429",　汐止區　,"200,535",　汐止區　,"199,321",　汐止區　,"197,749",　汐止區　,"196,028",　汐止區　,"195,140",　汐止區　,"194,200",　汐止區　,"192,676"
　瑞芳區　,"36,330",　瑞芳區　,"37,197",　瑞芳區　,"37,695",　瑞芳區　,"38,449",　瑞芳區　,"39,077",　瑞芳區　,"39,536",　瑞芳區　,"39,982",　瑞芳區　,"40,353",　瑞芳區　,"40,600",　瑞芳區　,"40,976",　瑞芳區　,"41,315",　瑞芳區　,"41,490",　瑞芳區　,"41,617"
　土城區　,"241,224",　土城區　,"240,828",　土城區　,"237,538",　土城區　,"237,484",　土城區　,"238,277",　土城區　,"237,696",　土城區　,"236,901",　土城區　,"238,067",　土城區　,"238,500",　土城區　,"238,703",　土城區　,"239,270",　土城區　,"239,258",　土城區　,"239,717"
　蘆洲區　,"198,359",　蘆洲區　,"200,022",　蘆洲區　,"199,811",　蘆洲區　,"201,489",　蘆洲區　,"202,456",　蘆洲區　,"201,883",　蘆洲區　,"201,332",　蘆洲區　,"201,309",　蘆洲區　,"200,702",　蘆洲區　,"200,095",　蘆洲區　,"199,750",　蘆洲區　,"199,426",　蘆洲區　,"199,490"
　五股區　,"93,860",　五股區　,"92,754",　五股區　,"91,436",　五股區　,"90,465",　五股區　,"89,470",　五股區　,"88,000",　五股區　,"86,329",　五股區　,"84,919",　五股區　,"84,134",　五股區　,"82,923",　五股區　,"82,255",　五股區　,"81,744",　五股區　,"81,225"
　泰山區　,"77,667",　泰山區　,"77,491",　泰山區　,"76,982",　泰山區　,"77,451",　泰山區　,"78,412",　泰山區　,"78,751",　泰山區　,"78,708",　泰山區　,"78,911",　泰山區　,"78,817",　泰山區　,"78,707",　泰山區　,"78,370",　泰山區　,"77,939",　泰山區　,"77,617"
　林口區　,"136,075",　林口區　,"132,947",　林口區　,"127,887",　林口區　,"124,628",　林口區　,"121,192",　林口區　,"115,582",　林口區　,"110,081",　林口區　,"106,101",　林口區　,"103,219",　林口區　,"100,350",　林口區　,"97,645",　林口區　,"94,108",　林口區　,"89,886"
　深坑區　,"23,636",　深坑區　,"23,689",　深坑區　,"23,528",　深坑區　,"23,646",　深坑區　,"23,723",　深坑區　,"23,725",　深坑區　,"23,634",　深坑區　,"23,660",　深坑區　,"23,683",　深坑區　,"23,594",　深坑區　,"23,636",　深坑區　,"23,622",　深坑區　,"23,569"
　石碇區　,"7,068",　石碇區　,"7,166",　石碇區　,"7,292",　石碇區　,"7,487",　石碇區　,"7,565",　石碇區　,"7,629",　石碇區　,"7,731",　石碇區　,"7,683",　石碇區　,"7,736",　石碇區　,"7,855",　石碇區　,"7,864",　石碇區　,"7,848",　石碇區　,"7,895"
　坪林區　,"6,324",　坪林區　,"6,446",　坪林區　,"6,553",　坪林區　,"6,619",　坪林區　,"6,703",　坪林區　,"6,689",　坪林區　,"6,612",　坪林區　,"6,528",　坪林區　,"6,538",　坪林區　,"6,490",　坪林區　,"6,455",　坪林區　,"6,460",　坪林區　,"6,483"
　三芝區　,"22,080",　三芝區　,"22,137",　三芝區　,"22,228",　三芝區　,"22,357",　三芝區　,"22,540",　三芝區　,"22,768",　三芝區　,"22,978",　三芝區　,"23,200",　三芝區　,"23,369",　三芝區　,"23,487",　三芝區　,"23,480",　三芝區　,"23,464",　三芝區　,"23,460"
　石門區　,"10,397",　石門區　,"10,752",　石門區　,"10,961",　石門區　,"11,193",　石門區　,"11,480",　石門區　,"11,834",　石門區　,"12,115",　石門區　,"12,286",　石門區　,"12,496",　石門區　,"12,641",　石門區　,"12,733",　石門區　,"12,794",　石門區　,"12,798"
　八里區　,"42,674",　八里區　,"41,966",　八里區　,"40,902",　八里區　,"40,178",　八里區　,"39,741",　八里區　,"39,531",　八里區　,"38,906",　八里區　,"38,493",　八里區　,"38,167",　八里區　,"37,678",　八里區　,"37,187",　八里區　,"36,201",　八里區　,"35,721"
　平溪區　,"4,049",　平溪區　,"4,134",　平溪區　,"4,268",　平溪區　,"4,333",　平溪區　,"4,424",　平溪區　,"4,546",　平溪區　,"4,666",　平溪區　,"4,719",　平溪區　,"4,778",　平溪區　,"4,874",　平溪區　,"4,954",　平溪區　,"5,002",　平溪區　,"5,109"
　雙溪區　,"7,686",　雙溪區　,"7,915",　雙溪區　,"8,102",　雙溪區　,"8,235",　雙溪區　,"8,468",　雙溪區　,"8,665",　雙溪區　,"8,860",　雙溪區　,"8,939",　雙溪區　,"9,074",　雙溪區　,"9,245",　雙溪區　,"9,450",　雙溪區　,"9,412",　雙溪區　,"9,465"
　貢寮區　,"10,719",　貢寮區　,"10,981",　貢寮區　,"11,260",　貢寮區　,"11,534",　貢寮區　,"11,782",　貢寮區　,"12,033",　貢寮區　,"12,301",　貢寮區　,"12,552",　貢寮區　,"12,706",　貢寮區　,"12,860",　貢寮區　,"13,115",　貢寮區　,"13,306",　貢寮區　,"13,412"
　金山區　,"20,059",　金山區　,"20,366",　金山區　,"20,577",　金山區　,"20,844",　金山區　,"21,127",　金山區　,"21,396",　金山區　,"21,774",　金山區　,"22,015",　金山區　,"22,207",　金山區　,"22,260",　金山區　,"22,400",　金山區　,"22,392",　金山區　,"22,486"
　萬里區　,"20,622",　萬里區　,"20,869",　萬里區　,"21,101",　萬里區　,"21,462",　萬里區　,"21,710",　萬里區　,"21,872",　萬里區　,"22,068",　萬里區　,"22,296",　萬里區　,"22,490",　萬里區　,"22,642",　萬里區　,"22,678",　萬里區　,"22,618",　萬里區　,"22,429"
※烏來區　,"6,309",※烏來區　,"6,360",※烏來區　,"6,359",※烏來區　,"6,391",※烏來區　,"6,416",※烏來區　,"6,433",※烏來區　,"6,438",※烏來區　,"6,320",※烏來區　,"6,212",※烏來區　,"6,187",※烏來區　,"6,165",※烏來區　,"6,036",※烏來區　,"5,975"
臺  北  市　,"2,490,869",臺  北  市　,"2,511,886",臺  北  市　,"2,480,681",臺  北  市　,"2,524,393",臺  北  市　,"2,602,418",臺  北  市　,"2,645,041",臺  北  市　,"2,668,572",臺  北  市　,"2,683,257",臺  北  市　,"2,695,704",臺  北  市　,"2,704,810",臺  北  市　,"2,702,315",臺  北  市　,"2,686,516",臺  北  市　,"2,673,226"
　松山區　,"191,826",　松山區　,"193,399",　松山區　,"189,939",　松山區　,"193,388",　松山區　,"200,316",　松山區　,"204,193",　松山區　,"205,702",　松山區　,"206,988",　松山區　,"208,326",　松山區　,"209,714",　松山區　,"210,473",　松山區　,"210,343",　松山區　,"210,905"
　信義區　,"205,067",　信義區　,"206,759",　信義區　,"203,780",　信義區　,"207,500",　信義區　,"215,240",　信義區　,"220,021",　信義區　,"223,406",　信義區　,"225,753",　信義區　,"227,823",　信義區　,"229,211",　信義區　,"229,657",　信義區　,"228,496",　信義區　,"227,734"
　大安區　,"289,908",　大安區　,"291,732",　大安區　,"284,557",　大安區　,"291,410",　大安區　,"302,644",　大安區　,"307,631",　大安區　,"308,843",　大安區　,"309,969",　大安區　,"311,506",　大安區　,"313,058",　大安區　,"313,693",　大安區　,"313,363",　大安區　,"313,426"
　中山區　,"215,245",　中山區　,"216,346",　中山區　,"212,669",　中山區　,"215,567",　中山區　,"223,876",　中山區　,"227,387",　中山區　,"229,456",　中山區　,"230,710",　中山區　,"231,247",　中山區　,"231,350",　中山區　,"230,496",　中山區　,"228,753",　中山區　,"226,659"
　中正區　,"148,375",　中正區　,"150,155",　中正區　,"148,103",　中正區　,"150,644",　中正區　,"155,397",　中正區　,"158,014",　中正區　,"159,000",　中正區　,"159,608",　中正區　,"160,403",　中正區　,"162,475",　中正區　,"163,388",　中正區　,"163,140",　中正區　,"162,154"
　大同區　,"118,992",　大同區　,"119,930",　大同區　,"118,833",　大同區　,"120,772",　大同區　,"123,849",　大同區　,"126,043",　大同區　,"127,625",　大同區　,"129,278",　大同區　,"130,071",　大同區　,"130,929",　大同區　,"130,973",　大同區　,"129,820",　大同區　,"128,809"
　萬華區　,"171,915",　萬華區　,"173,652",　萬華區　,"173,040",　萬華區　,"176,617",　萬華區　,"183,088",　萬華區　,"187,076",　萬華區　,"189,603",　萬華區　,"191,850",　萬華區　,"193,539",　萬華區　,"194,339",　萬華區　,"194,715",　萬華區　,"193,480",　萬華區　,"192,628"
　文山區　,"258,333",　文山區　,"260,313",　文山區　,"257,558",　文山區　,"261,576",　文山區　,"268,130",　文山區　,"271,806",　文山區　,"273,762",　文山區　,"274,424",　文山區　,"275,231",　文山區　,"275,367",　文山區　,"273,921",　文山區　,"271,341",　文山區　,"269,310"
　南港區　,"112,643",　南港區　,"113,959",　南港區　,"113,798",　南港區　,"115,780",　南港區　,"118,758",　南港區　,"120,297",　南港區　,"121,670",　南港區　,"122,155",　南港區　,"122,516",　南港區　,"122,245",　南港區　,"121,257",　南港區　,"119,752",　南港區　,"118,490"
　內湖區　,"273,748",　內湖區　,"276,180",　內湖區　,"272,963",　內湖區　,"276,707",　內湖區　,"282,525",　內湖區　,"285,795",　內湖區　,"287,429",　內湖區　,"287,771",　內湖區　,"287,733",　內湖區　,"287,566",　內湖區　,"285,767",　內湖區　,"282,842",　內湖區　,"280,025"
　士林區　,"264,194",　士林區　,"266,951",　士林區　,"264,716",　士林區　,"269,682",　士林區　,"278,451",　士林區　,"283,459",　士林區　,"286,544",　士林區　,"288,295",　士林區　,"289,939",　士林區　,"290,694",　士林區　,"290,455",　士林區　,"289,742",　士林區　,"288,894"
　北投區　,"240,623",　北投區　,"242,510",　北投區　,"240,725",　北投區　,"244,750",　北投區　,"250,144",　北投區　,"253,319",　北投區　,"255,532",　北投區　,"256,456",　北投區　,"257,370",　北投區　,"257,862",　北投區　,"257,520",　北投區　,"255,444",　北投區　,"254,192"
桃  園  市　,"2,338,648",桃  園  市　,"2,317,445",桃  園  市　,"2,281,464",桃  園  市　,"2,272,391",桃  園  市　,"2,268,807",桃  園  市　,"2,249,037",桃  園  市　,"2,220,872",桃  園  市　,"2,188,017",桃  園  市　,"2,147,763",桃  園  市　,"2,105,780",桃  園  市　,"2,058,328",臺  中  市　,"2,701,661",臺  中  市　,"2,684,893"
　桃園區　,"475,798",　桃園區　,"470,683",　桃園區　,"462,338",　桃園區　,"458,847",　桃園區　,"457,245",　桃園區　,"452,824",　桃園區　,"447,302",　桃園區　,"440,840",　桃園區　,"434,243",　桃園區　,"427,145",　桃園區　,"417,366",　中　區　,"20,008",　中　區　,"20,647"
　中壢區　,"435,050",　中壢區　,"431,255",　中壢區　,"423,722",　中壢區　,"422,529",　中壢區　,"422,471",　中壢區　,"417,380",　中壢區　,"412,063",　中壢區　,"405,216",　中壢區　,"396,453",　中壢區　,"389,782",　中壢區　,"381,449",　東　區　,"74,572",　東　區　,"74,282"
    大溪區,"94,404",    大溪區,"94,607",    大溪區,"94,313",    大溪區,"94,870",    大溪區,"95,664",    大溪區,"95,550",    大溪區,"94,885",    大溪區,"94,451",    大溪區,"94,102",    大溪區,"93,343",    大溪區,"91,887",　南　區　,"118,349",　南　區　,"116,807"
    楊梅區,"181,526",    楊梅區,"180,032",    楊梅區,"177,602",    楊梅區,"176,757",    楊梅區,"175,142",    楊梅區,"173,049",    楊梅區,"170,380",    楊梅區,"167,639",    楊梅區,"163,959",    楊梅區,"161,098",    楊梅區,"157,200",　西　區　,"116,397",　西　區　,"116,784"
　蘆竹區　,"169,936",　蘆竹區　,"169,237",　蘆竹區　,"167,205",　蘆竹區　,"166,394",　蘆竹區　,"167,060",　蘆竹區　,"166,406",　蘆竹區　,"164,384",　蘆竹區　,"161,912",　蘆竹區　,"158,802",　蘆竹區　,"155,403",　蘆竹區　,"151,354",　北　區　,"147,880",　北　區　,"147,798"
　大園區　,"88,166",　大園區　,"86,634",　大園區　,"85,991",　大園區　,"92,172",　大園區　,"93,887",　大園區　,"93,078",　大園區　,"90,888",　大園區　,"89,281",　大園區　,"87,158",　大園區　,"85,565",　大園區　,"84,531",　西屯區　,"215,485",　西屯區　,"212,750"
　龜山區　,"183,895",　龜山區　,"178,297",　龜山區　,"172,274",　龜山區　,"166,767",　龜山區　,"164,398",　龜山區　,"162,921",　龜山區　,"160,591",　龜山區　,"157,633",　龜山區　,"152,817",　龜山區　,"145,580",　龜山區　,"141,998",　南屯區　,"159,952",　南屯區　,"158,300"
　八德區　,"214,690",　八德區　,"213,403",　八德區　,"209,952",　八德區　,"209,665",　八德區　,"209,202",　八德區　,"205,974",　八德區　,"202,198",　八德區　,"198,074",　八德區　,"192,922",　八德區　,"187,420",　八德區　,"181,431",　北屯區　,"255,978",　北屯區　,"252,668"
　龍潭區　,"127,270",　龍潭區　,"126,603",　龍潭區　,"124,973",　龍潭區　,"124,442",　龍潭區　,"124,408",　龍潭區　,"124,031",　龍潭區　,"123,175",　龍潭區　,"121,822",　龍潭區　,"120,201",　龍潭區　,"118,433",　龍潭區　,"116,211",　豐原區　,"166,090",　豐原區　,"166,085"
　平鎮區　,"229,389",　平鎮區　,"229,686",　平鎮區　,"227,810",　平鎮區　,"228,203",　平鎮區　,"228,611",　平鎮區　,"228,436",　平鎮區　,"226,412",　平鎮區　,"224,219",　平鎮區　,"221,587",　平鎮區　,"217,887",　平鎮區　,"212,328",　東勢區　,"51,953",　東勢區　,"52,403"
　新屋區　,"49,389",　新屋區　,"49,277",　新屋區　,"49,205",　新屋區　,"49,094",　新屋區　,"49,333",　新屋區　,"49,256",　新屋區　,"49,210",　新屋區　,"48,953",　新屋區　,"48,772",　新屋區　,"48,409",　新屋區　,"48,058",　大甲區　,"77,847",　大甲區　,"77,986"
　觀音區　,"75,874",　觀音區　,"74,521",　觀音區　,"73,026",　觀音區　,"69,995",　觀音區　,"69,032",　觀音區　,"67,956",　觀音區　,"67,358",　觀音區　,"66,472",　觀音區　,"65,555",　觀音區　,"64,785",　觀音區　,"63,602",　清水區　,"86,061",　清水區　,"85,734"
※復興區　,"13,261",※復興區　,"13,210",※復興區　,"13,053",※復興區　,"12,656",※復興區　,"12,354",※復興區　,"12,176",※復興區　,"12,026",※復興區　,"11,505",※復興區　,"11,192",※復興區　,"10,930",※復興區　,"10,913",　沙鹿區　,"86,305",　沙鹿區　,"84,797"
臺  中  市　,"2,860,601",臺  中  市　,"2,845,909",臺  中  市　,"2,814,459",臺  中  市　,"2,813,490",臺  中  市　,"2,820,787",臺  中  市　,"2,815,261",臺  中  市　,"2,803,894",臺  中  市　,"2,787,070",臺  中  市　,"2,767,239",臺  中  市　,"2,744,445",臺  中  市　,"2,719,835",　梧棲區　,"56,008",　梧棲區　,"55,857"
　中　區　,"17,904",　中　區　,"17,784",　中　區　,"17,635",　中　區　,"17,689",　中　區　,"18,168",　中　區　,"18,390",　中　區　,"18,514",　中　區　,"18,450",　中　區　,"18,708",　中　區　,"19,020",　中　區　,"19,323",　后里區　,"54,076",　后里區　,"54,089"
　東　區　,"77,688",　東　區　,"76,852",　東　區　,"75,554",　東　區　,"75,588",　東　區　,"75,913",　東　區　,"75,943",　東　區　,"76,175",　東　區　,"75,811",　東　區　,"75,396",　東　區　,"75,182",　東　區　,"74,922",　神岡區　,"64,899",　神岡區　,"64,534"
　南　區　,"127,188",　南　區　,"126,907",　南　區　,"125,466",　南　區　,"126,008",　南　區　,"126,769",　南　區　,"126,571",　南　區　,"125,874",　南　區　,"125,067",　南　區　,"123,502",　南　區　,"121,786",　南　區　,"120,128",　潭子區　,"104,471",　潭子區　,"103,516"
　西　區　,"113,890",　西　區　,"113,548",　西　區　,"112,278",　西　區　,"112,740",　西　區　,"114,583",　西　區　,"115,273",　西　區　,"115,698",　西　區　,"115,627",　西　區　,"115,747",　西　區　,"115,693",　西　區　,"115,731",　大雅區　,"91,939",　大雅區　,"91,367"
　北　區　,"143,568",　北　區　,"144,097",　北　區　,"142,778",　北　區　,"143,917",　北　區　,"146,590",　北　區　,"147,391",　北　區　,"147,557",　北　區　,"147,653",　北　區　,"147,585",　北　區　,"147,547",　北　區　,"147,471",　新社區　,"25,322",　新社區　,"25,378"
　西屯區　,"236,821",　西屯區　,"235,441",　西屯區　,"231,866",　西屯區　,"230,888",　西屯區　,"231,730",　西屯區　,"230,501",　西屯區　,"228,630",　西屯區　,"227,043",　西屯區　,"224,601",　西屯區　,"221,785",　西屯區　,"218,540",　石岡區　,"15,636",　石岡區　,"15,763"
　南屯區　,"185,192",　南屯區　,"182,232",　南屯區　,"177,930",　南屯區　,"176,782",　南屯區　,"176,062",　南屯區　,"173,532",　南屯區　,"170,618",　南屯區　,"168,760",　南屯區　,"166,685",　南屯區　,"164,575",　南屯區　,"161,906",　外埔區　,"31,845",　外埔區　,"31,797"
　北屯區　,"310,965",　北屯區　,"304,179",　北屯區　,"295,677",　北屯區　,"290,653",　北屯區　,"287,344",　北屯區　,"283,621",　北屯區　,"279,297",　北屯區　,"274,819",　北屯區　,"270,547",　北屯區　,"265,159",　北屯區　,"259,742",　大安區　,"19,720",　大安區　,"19,910"
　豐原區　,"163,163",　豐原區　,"163,948",　豐原區　,"163,476",　豐原區　,"164,726",　豐原區　,"166,053",　豐原區　,"166,875",　豐原區　,"167,025",　豐原區　,"166,879",　豐原區　,"166,778",　豐原區　,"166,749",　豐原區　,"166,458",　烏日區　,"70,624",　烏日區　,"70,068"
　東勢區　,"47,088",　東勢區　,"47,468",　東勢區　,"47,817",　東勢區　,"48,333",　東勢區　,"49,169",　東勢區　,"49,773",　東勢區　,"50,256",　東勢區　,"50,714",　東勢區　,"50,952",　東勢區　,"51,308",　東勢區　,"51,485",　大肚區　,"55,995",　大肚區　,"55,863"
　大甲區　,"74,206",　大甲區　,"74,684",　大甲區　,"74,737",　大甲區　,"75,516",　大甲區　,"76,130",　大甲區　,"76,822",　大甲區　,"77,625",　大甲區　,"77,761",　大甲區　,"77,656",　大甲區　,"77,714",　大甲區　,"77,607",　龍井區　,"75,664",　龍井區　,"75,138"
　清水區　,"90,501",　清水區　,"89,924",　清水區　,"88,947",　清水區　,"88,366",　清水區　,"88,009",　清水區　,"87,587",　清水區　,"86,862",　清水區　,"86,420",　清水區　,"86,350",　清水區　,"86,146",　清水區　,"85,957",　霧峰區　,"64,280",　霧峰區　,"64,183"
　沙鹿區　,"100,152",　沙鹿區　,"98,805",　沙鹿區　,"97,002",　沙鹿區　,"96,039",　沙鹿區　,"95,226",　沙鹿區　,"94,755",　沙鹿區　,"94,079",　沙鹿區　,"92,645",　沙鹿區　,"91,338",　沙鹿區　,"89,592",　沙鹿區　,"87,742",　太平區　,"178,870",　太平區　,"176,594"
　梧棲區　,"62,701",　梧棲區　,"61,019",　梧棲區　,"59,848",　梧棲區　,"59,517",　梧棲區　,"59,273",　梧棲區　,"58,921",　梧棲區　,"58,218",　梧棲區　,"57,993",　梧棲區　,"57,645",　梧棲區　,"57,108",　梧棲區　,"56,643",　大里區　,"204,846",　大里區　,"203,239"
　后里區　,"53,309",　后里區　,"53,653",　后里區　,"53,667",　后里區　,"53,961",　后里區　,"54,343",　后里區　,"54,666",　后里區　,"54,775",　后里區　,"54,482",　后里區　,"54,332",　后里區　,"54,344",　后里區　,"54,106",※和平區　,"10,589",※和平區　,"10,556"
　神岡區　,"64,007",　神岡區　,"64,362",　神岡區　,"64,308",　神岡區　,"64,841",　神岡區　,"65,529",　神岡區　,"65,679",　神岡區　,"65,711",　神岡區　,"65,553",　神岡區　,"65,496",　神岡區　,"65,178",　神岡區　,"64,956",臺  南  市　,"1,883,208",臺  南  市　,"1,881,645"
　潭子區　,"109,415",　潭子區　,"108,979",　潭子區　,"108,639",　潭子區　,"109,270",　潭子區　,"109,309",　潭子區　,"109,324",　潭子區　,"108,952",　潭子區　,"108,288",　潭子區　,"107,530",　潭子區　,"106,557",　潭子區　,"105,165",　新營區　,"78,521",　新營區　,"78,475"
　大雅區　,"95,229",　大雅區　,"95,708",　大雅區　,"95,275",　大雅區　,"95,521",　大雅區　,"95,693",　大雅區　,"95,772",　大雅區　,"95,815",　大雅區　,"95,203",　大雅區　,"94,488",　大雅區　,"93,661",　大雅區　,"92,628",　鹽水區　,"26,426",　鹽水區　,"26,695"
　新社區　,"22,849",　新社區　,"23,089",　新社區　,"23,283",　新社區　,"23,650",　新社區　,"24,064",　新社區　,"24,289",　新社區　,"24,576",　新社區　,"24,754",　新社區　,"24,947",　新社區　,"25,086",　新社區　,"25,242",　白河區　,"30,178",　白河區　,"30,602"
　石岡區　,"13,877",　石岡區　,"14,093",　石岡區　,"14,154",　石岡區　,"14,419",　石岡區　,"14,670",　石岡區　,"14,758",　石岡區　,"14,956",　石岡區　,"15,066",　石岡區　,"15,174",　石岡區　,"15,295",　石岡區　,"15,405",　柳營區　,"21,932",　柳營區　,"22,160"
　外埔區　,"30,902",　外埔區　,"31,163",　外埔區　,"31,264",　外埔區　,"31,564",　外埔區　,"31,940",　外埔區　,"32,224",　外埔區　,"32,230",　外埔區　,"32,185",　外埔區　,"32,034",　外埔區　,"31,899",　外埔區　,"31,800",　後壁區　,"24,910",　後壁區　,"25,280"
　大安區　,"17,793",　大安區　,"18,073",　大安區　,"18,230",　大安區　,"18,485",　大安區　,"18,864",　大安區　,"19,111",　大安區　,"19,267",　大安區　,"19,303",　大安區　,"19,409",　大安區　,"19,542",　大安區　,"19,654",　東山區　,"22,195",　東山區　,"22,529"
　烏日區　,"81,284",　烏日區　,"80,194",　烏日區　,"78,122",　烏日區　,"77,245",　烏日區　,"76,494",　烏日區　,"75,610",　烏日區　,"75,372",　烏日區　,"74,554",　烏日區　,"73,647",　烏日區　,"72,514",　烏日區　,"71,520",　麻豆區　,"45,230",　麻豆區　,"45,377"
　大肚區　,"55,708",　大肚區　,"55,955",　大肚區　,"56,129",　大肚區　,"56,458",　大肚區　,"56,777",　大肚區　,"57,085",　大肚區　,"57,324",　大肚區　,"57,322",　大肚區　,"57,207",　大肚區　,"56,627",　大肚區　,"56,364",　下營區　,"25,333",　下營區　,"25,612"
　龍井區　,"79,030",　龍井區　,"78,413",　龍井區　,"77,887",　龍井區　,"77,976",　龍井區　,"78,095",　龍井區　,"78,027",　龍井區　,"77,998",　龍井區　,"77,818",　龍井區　,"77,236",　龍井區　,"76,666",　龍井區　,"76,164",　六甲區　,"23,151",　六甲區　,"23,346"
　霧峰區　,"63,342",　霧峰區　,"63,822",　霧峰區　,"64,091",　霧峰區　,"64,602",　霧峰區　,"65,094",　霧峰區　,"65,419",　霧峰區　,"65,619",　霧峰區　,"65,393",　霧峰區　,"64,898",　霧峰區　,"64,657",　霧峰區　,"64,496",　官田區　,"21,823",　官田區　,"21,912"
　太平區　,"200,007",　太平區　,"198,212",　太平區　,"196,011",　太平區　,"195,613",　太平區　,"194,970",　太平區　,"193,729",　太平區　,"191,752",　太平區　,"189,066",　太平區　,"186,271",　太平區　,"183,923",　太平區　,"181,537",　大內區　,"10,408",　大內區　,"10,537"
　大里區　,"212,166",　大里區　,"212,511",　大里區　,"211,469",　大里區　,"212,253",　大里區　,"213,117",　大里區　,"212,711",　大里區　,"212,104",　大里區　,"211,492",　大里區　,"210,285",　大里區　,"208,406",　大里區　,"206,318",　佳里區　,"59,372",　佳里區　,"59,289"
※和平區　,"10,656",※和平區　,"10,794",※和平區　,"10,919",※和平區　,"10,870",※和平區　,"10,809",※和平區　,"10,902",※和平區　,"11,015",※和平區　,"10,949",※和平區　,"10,795",※和平區　,"10,726",※和平區　,"10,825",　學甲區　,"27,167",　學甲區　,"27,414"
臺  南  市　,"1,858,651",臺  南  市　,"1,859,946",臺  南  市　,"1,852,997",臺  南  市　,"1,862,059",臺  南  市　,"1,874,917",臺  南  市　,"1,880,906",臺  南  市　,"1,883,831",臺  南  市　,"1,886,522",臺  南  市　,"1,886,033",臺  南  市　,"1,885,541",臺  南  市　,"1,884,284",　西港區　,"24,914",　西港區　,"25,034"
　新營區　,"74,782",　新營區　,"74,921",　新營區　,"74,908",　新營區　,"75,506",　新營區　,"76,331",　新營區　,"76,969",　新營區　,"77,617",　新營區　,"77,966",　新營區　,"78,101",　新營區　,"78,165",　新營區　,"78,231",　七股區　,"23,871",　七股區　,"24,225"
　鹽水區　,"23,969",　鹽水區　,"24,251",　鹽水區　,"24,452",　鹽水區　,"24,777",　鹽水區　,"25,001",　鹽水區　,"25,223",　鹽水區　,"25,395",　鹽水區　,"25,583",　鹽水區　,"25,871",　鹽水區　,"26,085",　鹽水區　,"26,322",　將軍區　,"20,808",　將軍區　,"21,005"
　白河區　,"25,393",　白河區　,"25,862",　白河區　,"26,203",　白河區　,"26,693",　白河區　,"27,245",　白河區　,"27,688",　白河區　,"28,105",　白河區　,"28,520",　白河區　,"28,819",　白河區　,"29,271",　白河區　,"29,731",　北門區　,"11,876",　北門區　,"12,083"
　柳營區　,"20,007",　柳營區　,"20,306",　柳營區　,"20,407",　柳營區　,"20,618",　柳營區　,"20,826",　柳營區　,"21,068",　柳營區　,"21,205",　柳營區　,"21,365",　柳營區　,"21,520",　柳營區　,"21,629",　柳營區　,"21,828",　新化區　,"43,836",　新化區　,"43,940"
　後壁區　,"21,292",　後壁區　,"21,616",　後壁區　,"21,891",　後壁區　,"22,322",　後壁區　,"22,755",　後壁區　,"23,001",　後壁區　,"23,346",　後壁區　,"23,718",　後壁區　,"24,066",　後壁區　,"24,329",　後壁區　,"24,589",　善化區　,"45,167",　善化區　,"44,619"
　東山區　,"18,836",　東山區　,"19,156",　東山區　,"19,366",　東山區　,"19,788",　東山區　,"20,152",　東山區　,"20,449",　東山區　,"20,788",　東山區　,"21,049",　東山區　,"21,320",　東山區　,"21,603",　東山區　,"21,920",　新市區　,"35,336",　新市區　,"35,187"
　麻豆區　,"43,036",　麻豆區　,"43,056",　麻豆區　,"42,933",　麻豆區　,"43,373",　麻豆區　,"43,713",　麻豆區　,"43,993",　麻豆區　,"44,260",　麻豆區　,"44,603",　麻豆區　,"44,812",　麻豆區　,"44,987",　麻豆區　,"45,067",　安定區　,"30,215",　安定區　,"30,298"
　下營區　,"22,077",　下營區　,"22,420",　下營區　,"22,635",　下營區　,"23,062",　下營區　,"23,452",　下營區　,"23,686",　下營區　,"23,916",　下營區　,"24,239",　下營區　,"24,508",　下營區　,"24,786",　下營區　,"25,068",　山上區　,"7,570",　山上區　,"7,696"
　六甲區　,"21,110",　六甲區　,"21,189",　六甲區　,"21,342",　六甲區　,"21,488",　六甲區　,"21,668",　六甲區　,"21,886",　六甲區　,"22,148",　六甲區　,"22,275",　六甲區　,"22,406",　六甲區　,"22,586",　六甲區　,"22,832",　玉井區　,"14,821",　玉井區　,"15,058"
　官田區　,"20,669",　官田區　,"20,835",　官田區　,"20,849",　官田區　,"21,035",　官田區　,"21,212",　官田區　,"21,371",　官田區　,"21,314",　官田區　,"21,448",　官田區　,"21,535",　官田區　,"21,685",　官田區　,"21,706",　楠西區　,"10,186",　楠西區　,"10,272"
　大內區　,"8,588",　大內區　,"8,728",　大內區　,"8,847",　大內區　,"9,048",　大內區　,"9,200",　大內區　,"9,391",　大內區　,"9,605",　大內區　,"9,761",　大內區　,"9,962",　大內區　,"10,054",　大內區　,"10,248",　南化區　,"8,894",　南化區　,"8,814"
　佳里區　,"58,470",　佳里區　,"58,232",　佳里區　,"58,063",　佳里區　,"58,482",　佳里區　,"58,785",　佳里區　,"59,089",　佳里區　,"59,083",　佳里區　,"59,380",　佳里區　,"59,458",　佳里區　,"59,555",　佳里區　,"59,533",　左鎮區　,"5,211",　左鎮區　,"5,294"
　學甲區　,"24,537",　學甲區　,"24,672",　學甲區　,"24,749",　學甲區　,"24,981",　學甲區　,"25,293",　學甲區　,"25,501",　學甲區　,"25,665",　學甲區　,"26,078",　學甲區　,"26,377",　學甲區　,"26,652",　學甲區　,"26,949",　仁德區　,"72,444",　仁德區　,"71,270"
　西港區　,"25,004",　西港區　,"24,990",　西港區　,"24,713",　西港區　,"24,495",　西港區　,"24,522",　西港區　,"24,554",　西港區　,"24,690",　西港區　,"24,758",　西港區　,"24,870",　西港區　,"24,921",　西港區　,"24,896",　歸仁區　,"67,101",　歸仁區　,"66,655"
　七股區　,"20,760",　七股區　,"21,210",　七股區　,"21,439",　七股區　,"21,757",　七股區　,"22,142",　七股區　,"22,299",　七股區　,"22,732",　七股區　,"22,974",　七股區　,"23,172",　七股區　,"23,365",　七股區　,"23,608",　關廟區　,"35,105",　關廟區　,"35,353"
　將軍區　,"18,070",　將軍區　,"18,255",　將軍區　,"18,618",　將軍區　,"18,843",　將軍區　,"19,073",　將軍區　,"19,353",　將軍區　,"19,664",　將軍區　,"19,849",　將軍區　,"20,051",　將軍區　,"20,309",　將軍區　,"20,568",　龍崎區　,"4,310",　龍崎區　,"4,325"
　北門區　,"9,712",　北門區　,"9,994",　北門區　,"10,183",　北門區　,"10,397",　北門區　,"10,601",　北門區　,"10,830",　北門區　,"11,051",　北門區　,"11,188",　北門區　,"11,333",　北門區　,"11,527",　北門區　,"11,691",　永康區　,"226,875",　永康區　,"224,303"
　新化區　,"42,292",　新化區　,"42,793",　新化區　,"42,467",　新化區　,"42,809",　新化區　,"43,317",　新化區　,"43,254",　新化區　,"43,456",　新化區　,"43,630",　新化區　,"43,727",　新化區　,"43,828",　新化區　,"43,782",　東　區　,"191,576",　東　區　,"192,972"
　善化區　,"53,300",　善化區　,"52,444",　善化區　,"51,842",　善化區　,"51,265",　善化區　,"50,814",　善化區　,"50,018",　善化區　,"48,968",　善化區　,"48,386",　善化區　,"47,660",　善化區　,"46,933",　善化區　,"46,100",　南　區　,"125,611",　南　區　,"126,018"
　新市區　,"37,913",　新市區　,"37,624",　新市區　,"37,482",　新市區　,"37,546",　新市區　,"37,660",　新市區　,"37,269",　新市區　,"36,898",　新市區　,"36,574",　新市區　,"36,268",　新市區　,"35,853",　新市區　,"35,482",　北　區　,"132,336",　北　區　,"132,233"
　安定區　,"29,842",　安定區　,"29,926",　安定區　,"29,904",　安定區　,"30,105",　安定區　,"30,374",　安定區　,"30,413",　安定區　,"30,483",　安定區　,"30,564",　安定區　,"30,447",　安定區　,"30,331",　安定區　,"30,298",　安南區　,"185,412",　安南區　,"182,749"
　山上區　,"6,916",　山上區　,"7,018",　山上區　,"6,976",　山上區　,"6,996",　山上區　,"7,128",　山上區　,"7,199",　山上區　,"7,317",　山上區　,"7,314",　山上區　,"7,359",　山上區　,"7,437",　山上區　,"7,500",　安平區　,"64,589",　安平區　,"64,348"
　玉井區　,"12,830",　玉井區　,"13,043",　玉井區　,"13,118",　玉井區　,"13,342",　玉井區　,"13,602",　玉井區　,"13,769",　玉井區　,"13,997",　玉井區　,"14,151",　玉井區　,"14,281",　玉井區　,"14,388",　玉井區　,"14,561",　中西區　,"78,498",　中西區　,"78,666"
　楠西區　,"8,532",　楠西區　,"8,708",　楠西區　,"8,870",　楠西區　,"9,031",　楠西區　,"9,178",　楠西區　,"9,319",　楠西區　,"9,537",　楠西區　,"9,717",　楠西區　,"9,898",　楠西區　,"10,032",　楠西區　,"10,116",高  雄  市　,"2,779,877",高  雄  市　,"2,778,659"
　南化區　,"7,786",　南化區　,"7,996",　南化區　,"8,114",　南化區　,"8,264",　南化區　,"8,398",　南化區　,"8,583",　南化區　,"8,724",　南化區　,"8,787",　南化區　,"8,838",　南化區　,"8,893",　南化區　,"9,001",　鹽埕區　,"25,847",　鹽埕區　,"26,222"
　左鎮區　,"4,124",　左鎮區　,"4,231",　左鎮區　,"4,366",　左鎮區　,"4,428",　左鎮區　,"4,569",　左鎮區　,"4,676",　左鎮區　,"4,781",　左鎮區　,"4,876",　左鎮區　,"4,980",　左鎮區　,"5,071",　左鎮區　,"5,181",　鼓山區　,"135,102",　鼓山區　,"133,964"
　仁德區　,"77,574",　仁德區　,"77,312",　仁德區　,"76,896",　仁德區　,"76,497",　仁德區　,"76,385",　仁德區　,"76,094",　仁德區　,"75,878",　仁德區　,"75,518",　仁德區　,"74,637",　仁德區　,"73,887",　仁德區　,"73,099",　左營區　,"195,436",　左營區　,"194,815"
　歸仁區　,"69,818",　歸仁區　,"68,726",　歸仁區　,"68,044",　歸仁區　,"68,001",　歸仁區　,"68,164",　歸仁區　,"68,135",　歸仁區　,"68,403",　歸仁區　,"68,424",　歸仁區　,"68,170",　歸仁區　,"67,906",　歸仁區　,"67,504",　楠梓區　,"177,579",　楠梓區　,"175,798"
　關廟區　,"33,048",　關廟區　,"33,270",　關廟區　,"33,424",　關廟區　,"33,860",　關廟區　,"33,941",　關廟區　,"34,202",　關廟區　,"34,353",　關廟區　,"34,433",　關廟區　,"34,601",　關廟區　,"34,719",　關廟區　,"34,865",　三民區　,"348,488",　三民區　,"349,710"
　龍崎區　,"3,352",　龍崎區　,"3,476",　龍崎區　,"3,601",　龍崎區　,"3,668",　龍崎區　,"3,768",　龍崎區　,"3,900",　龍崎區　,"3,995",　龍崎區　,"4,038",　龍崎區　,"4,107",　龍崎區　,"4,196",　龍崎區　,"4,292",　新興區　,"53,170",　新興區　,"53,749"
　永康區　,"235,623",　永康區　,"234,953",　永康區　,"234,130",　永康區　,"234,624",　永康區　,"235,415",　永康區　,"235,699",　永康區　,"234,891",　永康區　,"233,905",　永康區　,"232,210",　永康區　,"230,806",　永康區　,"228,651",　前金區　,"28,038",　前金區　,"28,250"
　東　區　,"181,962",　東　區　,"182,034",　東　區　,"180,511",　東　區　,"182,489",　東　區　,"184,958",　東　區　,"186,009",　東　區　,"186,250",　東　區　,"186,841",　東　區　,"187,834",　東　區　,"188,865",　東　區　,"190,233",　苓雅區　,"177,716",　苓雅區　,"179,512"
　南　區　,"120,323",　南　區　,"121,189",　南　區　,"121,035",　南　區　,"122,345",　南　區　,"123,789",　南　區　,"124,696",　南　區　,"124,824",　南　區　,"125,394",　南　區　,"125,768",　南　區　,"125,738",　南　區　,"125,691",　前鎮區　,"194,835",　前鎮區　,"196,246"
　北　區　,"125,821",　北　區　,"126,575",　北　區　,"126,068",　北　區　,"127,913",　北　區　,"130,094",　北　區　,"131,480",　北　區　,"132,112",　北　區　,"132,726",　北　區　,"133,091",　北　區　,"132,651",　北　區　,"132,558",　旗津區　,"29,040",　旗津區　,"29,468"
　安南區　,"203,838",　安南區　,"201,824",　安南區　,"199,118",　安南區　,"197,061",　安南區　,"195,623",　安南區　,"194,228",　安南區　,"193,438",　安南區　,"192,224",　安南區　,"191,196",　安南區　,"189,620",　安南區　,"187,775",　小港區　,"156,115",　小港區　,"155,779"
　安平區　,"70,321",　安平區　,"69,015",　安平區　,"68,025",　安平區　,"67,446",　安平區　,"67,213",　安平區　,"67,119",　安平區　,"66,775",　安平區　,"66,496",　安平區　,"65,813",　安平區　,"65,380",　安平區　,"64,898",　鳳山區　,"352,574",　鳳山區　,"349,816"
　中西區　,"77,124",　中西區　,"78,096",　中西區　,"77,408",　中西區　,"77,704",　中西區　,"78,556",　中西區　,"78,493",　中西區　,"78,167",　中西區　,"77,770",　中西區　,"76,967",　中西區　,"77,498",　中西區　,"77,910",　林園區　,"70,436",　林園區　,"70,383"
高  雄  市　,"2,731,412",高  雄  市　,"2,737,941",高  雄  市　,"2,728,137",高  雄  市　,"2,744,691",高  雄  市　,"2,765,932",高  雄  市　,"2,773,198",高  雄  市　,"2,773,533",高  雄  市　,"2,776,912",高  雄  市　,"2,779,371",高  雄  市　,"2,778,918",高  雄  市　,"2,778,992",　大寮區　,"110,449",　大寮區　,"109,780"
　鹽埕區　,"22,275",　鹽埕區　,"22,539",　鹽埕區　,"22,481",　鹽埕區　,"22,912",　鹽埕區　,"23,553",　鹽埕區　,"23,889",　鹽埕區　,"24,059",　鹽埕區　,"24,219",　鹽埕區　,"24,659",　鹽埕區　,"25,032",　鹽埕區　,"25,400",　大樹區　,"43,418",　大樹區　,"43,429"
　鼓山區　,"141,277",　鼓山區　,"140,701",　鼓山區　,"139,590",　鼓山區　,"140,410",　鼓山區　,"141,488",　鼓山區　,"141,055",　鼓山區　,"140,133",　鼓山區　,"139,259",　鼓山區　,"138,099",　鼓山區　,"136,665",　鼓山區　,"135,667",　大社區　,"34,097",　大社區　,"33,766"
　左營區　,"197,784",　左營區　,"197,276",　左營區　,"195,296",　左營區　,"196,314",　左營區　,"197,306",　左營區　,"197,728",　左營區　,"196,872",　左營區　,"197,072",　左營區　,"196,936",　左營區　,"196,244",　左營區　,"195,643",　仁武區　,"79,392",　仁武區　,"77,371"
　楠梓區　,"194,404",　楠梓區　,"193,139",　楠梓區　,"191,313",　楠梓區　,"190,149",　楠梓區　,"189,426",　楠梓區　,"187,999",　楠梓區　,"185,687",　楠梓區　,"183,751",　楠梓區　,"181,845",　楠梓區　,"179,931",　楠梓區　,"178,532",　鳥松區　,"43,781",　鳥松區　,"43,696"
　三民區　,"330,287",　三民區　,"331,995",　三民區　,"330,419",　三民區　,"333,038",　三民區　,"336,868",　三民區　,"339,269",　三民區　,"340,913",　三民區　,"343,243",　三民區　,"344,888",　三民區　,"346,169",　三民區　,"347,619",　岡山區　,"97,800",　岡山區　,"97,587"
　新興區　,"49,573",　新興區　,"49,598",　新興區　,"49,068",　新興區　,"49,383",　新興區　,"50,490",　新興區　,"51,014",　新興區　,"51,032",　新興區　,"51,153",　新興區　,"51,431",　新興區　,"51,955",　新興區　,"52,534",　橋頭區　,"37,010",　橋頭區　,"36,962"
　前金區　,"27,199",　前金區　,"27,098",　前金區　,"26,633",　前金區　,"26,416",　前金區　,"26,668",　前金區　,"26,879",　前金區　,"26,831",　前金區　,"26,991",　前金區　,"27,151",　前金區　,"27,388",　前金區　,"27,832",　燕巢區　,"30,542",　燕巢區　,"30,758"
　苓雅區　,"163,295",　苓雅區　,"163,838",　苓雅區　,"162,642",　苓雅區　,"164,572",　苓雅區　,"167,280",　苓雅區　,"168,825",　苓雅區　,"169,648",　苓雅區　,"171,033",　苓雅區　,"172,895",　苓雅區　,"174,515",　苓雅區　,"175,854",　田寮區　,"7,732",　田寮區　,"7,852"
　前鎮區　,"178,290",　前鎮區　,"179,854",　前鎮區　,"180,282",　前鎮區　,"182,805",　前鎮區　,"185,828",　前鎮區　,"187,524",　前鎮區　,"188,340",　前鎮區　,"189,839",　前鎮區　,"191,262",　前鎮區　,"192,593",　前鎮區　,"193,952",　阿蓮區　,"29,795",　阿蓮區　,"30,033"
　旗津區　,"25,587",　旗津區　,"26,220",　旗津區　,"26,671",　旗津區　,"27,204",　旗津區　,"27,785",　旗津區　,"28,129",　旗津區　,"28,506",　旗津區　,"28,763",　旗津區　,"28,898",　旗津區　,"29,008",　旗津區　,"28,958",　路竹區　,"53,036",　路竹區　,"53,145"
　小港區　,"154,354",　小港區　,"155,009",　小港區　,"154,808",　小港區　,"156,035",　小港區　,"157,356",　小港區　,"157,793",　小港區　,"157,742",　小港區　,"157,475",　小港區　,"157,023",　小港區　,"156,256",　小港區　,"156,171",　湖內區　,"29,203",　湖內區　,"29,120"
　鳳山區　,"355,175",　鳳山區　,"356,536",　鳳山區　,"356,016",　鳳山區　,"357,946",　鳳山區　,"359,576",　鳳山區　,"359,882",　鳳山區　,"359,519",　鳳山區　,"359,120",　鳳山區　,"357,768",　鳳山區　,"356,320",　鳳山區　,"354,093",　茄萣區　,"30,868",　茄萣區　,"30,999"
　林園區　,"67,903",　林園區　,"68,216",　林園區　,"68,429",　林園區　,"68,893",　林園區　,"69,478",　林園區　,"69,604",　林園區　,"69,870",　林園區　,"69,990",　林園區　,"70,201",　林園區　,"70,401",　林園區　,"70,476",　永安區　,"14,138",　永安區　,"14,129"
　大寮區　,"112,213",　大寮區　,"111,986",　大寮區　,"111,514",　大寮區　,"111,933",　大寮區　,"112,265",　大寮區　,"112,259",　大寮區　,"112,421",　大寮區　,"112,397",　大寮區　,"112,258",　大寮區　,"111,663",　大寮區　,"111,191",　彌陀區　,"19,920",　彌陀區　,"20,123"
　大樹區　,"40,163",　大樹區　,"40,432",　大樹區　,"40,732",　大樹區　,"41,257",　大樹區　,"41,764",　大樹區　,"42,142",　大樹區　,"42,390",　大樹區　,"42,757",　大樹區　,"43,067",　大樹區　,"43,161",　大樹區　,"43,190",　梓官區　,"36,381",　梓官區　,"36,519"
　大社區　,"33,754",　大社區　,"33,729",　大社區　,"33,670",　大社區　,"34,050",　大社區　,"34,324",　大社區　,"34,410",　大社區　,"34,604",　大社區　,"34,577",　大社區　,"34,615",　大社區　,"34,566",　大社區　,"34,455",　旗山區　,"38,563",　旗山區　,"39,038"
　仁武區　,"98,956",　仁武區　,"97,337",　仁武區　,"95,089",　仁武區　,"93,581",　仁武區　,"91,893",　仁武區　,"89,595",　仁武區　,"87,694",　仁武區　,"85,894",　仁武區　,"84,122",　仁武區　,"82,614",　仁武區　,"80,994",　美濃區　,"41,668",　美濃區　,"42,157"
　鳥松區　,"44,233",　鳥松區　,"44,373",　鳥松區　,"44,168",　鳥松區　,"44,393",　鳥松區　,"44,938",　鳥松區　,"44,960",　鳥松區　,"44,469",　鳥松區　,"44,291",　鳥松區　,"44,265",　鳥松區　,"43,965",　鳥松區　,"43,735",　六龜區　,"13,943",　六龜區　,"14,203"
　岡山區　,"95,176",　岡山區　,"95,574",　岡山區　,"95,349",　岡山區　,"95,922",　岡山區　,"96,841",　岡山區　,"97,127",　岡山區　,"97,103",　岡山區　,"97,329",　岡山區　,"97,643",　岡山區　,"97,827",　岡山區　,"97,751",　甲仙區　,"6,444",　甲仙區　,"6,625"
　橋頭區　,"42,671",　橋頭區　,"41,712",　橋頭區　,"40,470",　橋頭區　,"40,094",　橋頭區　,"38,955",　橋頭區　,"38,254",　橋頭區　,"37,650",　橋頭區　,"37,579",　橋頭區　,"37,448",　橋頭區　,"37,317",　橋頭區　,"37,198",　杉林區　,"12,587",　杉林區　,"12,577"
　燕巢區　,"28,576",　燕巢區　,"28,776",　燕巢區　,"28,963",　燕巢區　,"29,244",　燕巢區　,"29,493",　燕巢區　,"29,686",　燕巢區　,"29,820",　燕巢區　,"29,922",　燕巢區　,"29,960",　燕巢區　,"30,124",　燕巢區　,"30,397",　內門區　,"15,351",　內門區　,"15,510"
　田寮區　,"6,298",　田寮區　,"6,530",　田寮區　,"6,655",　田寮區　,"6,788",　田寮區　,"6,919",　田寮區　,"7,043",　田寮區　,"7,159",　田寮區　,"7,245",　田寮區　,"7,340",　田寮區　,"7,473",　田寮區　,"7,680",※茂林區　,"1,832",※茂林區　,"1,839"
　阿蓮區　,"27,131",　阿蓮區　,"27,409",　阿蓮區　,"27,656",　阿蓮區　,"28,011",　阿蓮區　,"28,331",　阿蓮區　,"28,489",　阿蓮區　,"28,658",　阿蓮區　,"28,844",　阿蓮區　,"29,093",　阿蓮區　,"29,319",　阿蓮區　,"29,566",※桃源區　,"4,406",※桃源區　,"4,559"
　路竹區　,"49,715",　路竹區　,"50,355",　路竹區　,"50,602",　路竹區　,"51,217",　路竹區　,"51,726",　路竹區　,"52,185",　路竹區　,"52,538",　路竹區　,"52,761",　路竹區　,"53,007",　路竹區　,"53,033",　路竹區　,"53,064",※那瑪夏區,"3,145",※那瑪夏區,"3,170"
　湖內區　,"29,396",　湖內區　,"29,525",　湖內區　,"29,540",　湖內區　,"29,648",　湖內區　,"29,882",　湖內區　,"29,684",　湖內區　,"29,794",　湖內區　,"29,803",　湖內區　,"29,876",　湖內區　,"29,615",　湖內區　,"29,399",宜  蘭  縣　,"458,456",宜  蘭  縣　,"458,595"
　茄萣區　,"28,959",　茄萣區　,"29,241",　茄萣區　,"29,480",　茄萣區　,"29,812",　茄萣區　,"29,960",　茄萣區　,"30,006",　茄萣區　,"30,089",　茄萣區　,"30,217",　茄萣區　,"30,412",　茄萣區　,"30,551",　茄萣區　,"30,690",　宜蘭市　,"95,985",　宜蘭市　,"96,016"
　永安區　,"13,823",　永安區　,"13,863",　永安區　,"13,776",　永安區　,"13,618",　永安區　,"13,705",　永安區　,"13,786",　永安區　,"13,909",　永安區　,"13,980",　永安區　,"14,039",　永安區　,"14,152",　永安區　,"14,148",　羅東鎮　,"72,352",　羅東鎮　,"72,468"
　彌陀區　,"18,069",　彌陀區　,"18,273",　彌陀區　,"18,468",　彌陀區　,"18,627",　彌陀區　,"18,872",　彌陀區　,"19,049",　彌陀區　,"19,252",　彌陀區　,"19,383",　彌陀區　,"19,555",　彌陀區　,"19,655",　彌陀區　,"19,854",　蘇澳鎮　,"41,382",　蘇澳鎮　,"41,855"
　梓官區　,"34,792",　梓官區　,"34,813",　梓官區　,"34,845",　梓官區　,"35,117",　梓官區　,"35,517",　梓官區　,"35,750",　梓官區　,"35,940",　梓官區　,"36,116",　梓官區　,"36,252",　梓官區　,"36,429",　梓官區　,"36,384",　頭城鎮　,"30,043",　頭城鎮　,"30,304"
　旗山區　,"33,818",　旗山區　,"34,304",　旗山區　,"34,622",　旗山區　,"35,162",　旗山區　,"35,764",　旗山區　,"36,313",　旗山區　,"36,652",　旗山區　,"36,940",　旗山區　,"37,342",　旗山區　,"37,770",　旗山區　,"38,100",　礁溪鄉　,"35,998",　礁溪鄉　,"36,010"
　美濃區　,"36,545",　美濃區　,"37,008",　美濃區　,"37,317",　美濃區　,"37,949",　美濃區　,"38,611",　美濃區　,"39,074",　美濃區　,"39,589",　美濃區　,"39,973",　美濃區　,"40,399",　美濃區　,"40,810",　美濃區　,"41,258",　壯圍鄉　,"24,468",　壯圍鄉　,"24,551"
　六龜區　,"11,511",　六龜區　,"11,700",　六龜區　,"11,920",　六龜區　,"12,135",　六龜區　,"12,391",　六龜區　,"12,633",　六龜區　,"12,939",　六龜區　,"13,016",　六龜區　,"13,217",　六龜區　,"13,467",　六龜區　,"13,663",　員山鄉　,"32,159",　員山鄉　,"32,106"
　甲仙區　,"5,412",　甲仙區　,"5,543",　甲仙區　,"5,661",　甲仙區　,"5,788",　甲仙區　,"5,877",　甲仙區　,"5,943",　甲仙區　,"6,026",　甲仙區　,"6,107",　甲仙區　,"6,214",　甲仙區　,"6,291",　甲仙區　,"6,420",　冬山鄉　,"53,731",　冬山鄉　,"53,363"
　杉林區　,"10,714",　杉林區　,"10,955",　杉林區　,"11,094",　杉林區　,"11,288",　杉林區　,"11,541",　杉林區　,"11,681",　杉林區　,"11,795",　杉林區　,"12,038",　杉林區　,"12,201",　杉林區　,"12,383",　杉林區　,"12,531",　五結鄉　,"39,230",　五結鄉　,"38,999"
　內門區　,"12,893",　內門區　,"13,184",　內門區　,"13,499",　內門區　,"13,770",　內門區　,"13,976",　內門區　,"14,195",　內門區　,"14,437",　內門區　,"14,540",　內門區　,"14,743",　內門區　,"14,978",　內門區　,"15,178",　三星鄉　,"21,191",　三星鄉　,"21,122"
※茂林區　,"1,869",※茂林區　,"1,905",※茂林區　,"1,940",※茂林區　,"1,874",※茂林區　,"1,915",※茂林區　,"1,937",※茂林區　,"1,994",※茂林區　,"1,924",※茂林區　,"1,896",※茂林區　,"1,890",※茂林區　,"1,915",※大同鄉　,"6,005",※大同鄉　,"5,915"
※桃源區　,"4,190",※桃源區　,"4,230",※桃源區　,"4,258",※桃源區　,"4,193",※桃源區　,"4,223",※桃源區　,"4,261",※桃源區　,"4,311",※桃源區　,"4,246",※桃源區　,"4,220",※桃源區　,"4,239",※桃源區　,"4,296",※南澳鄉　,"5,912",※南澳鄉　,"5,886"
※那瑪夏區,"3,132",※那瑪夏區,"3,165",※那瑪夏區,"3,201",※那瑪夏區,"3,143",※那瑪夏區,"3,147",※那瑪夏區,"3,146",※那瑪夏區,"3,148",※那瑪夏區,"3,125",※那瑪夏區,"3,131",※那瑪夏區,"3,149",※那瑪夏區,"3,204",桃  園  縣　,"2,044,023",桃  園  縣　,"2,030,161"
宜  蘭  縣　,"449,212",宜  蘭  縣　,"449,890",宜  蘭  縣　,"449,062",宜  蘭  縣　,"450,692",宜  蘭  縣　,"453,087",宜  蘭  縣　,"454,178",宜  蘭  縣　,"455,221",宜  蘭  縣　,"456,607",宜  蘭  縣　,"457,538",宜  蘭  縣　,"458,117",宜  蘭  縣　,"458,777",　桃園市　,"415,414",　桃園市　,"413,488"
　宜蘭市　,"94,890",　宜蘭市　,"94,991",　宜蘭市　,"94,679",　宜蘭市　,"94,869",　宜蘭市　,"95,395",　宜蘭市　,"95,562",　宜蘭市　,"95,732",　宜蘭市　,"95,918",　宜蘭市　,"95,907",　宜蘭市　,"96,051",　宜蘭市　,"95,885",　中壢市　,"378,918",　中壢市　,"376,217"
　羅東鎮　,"69,638",　羅東鎮　,"69,960",　羅東鎮　,"70,012",　羅東鎮　,"70,732",　羅東鎮　,"71,484",　羅東鎮　,"71,898",　羅東鎮　,"72,433",　羅東鎮　,"72,319",　羅東鎮　,"72,485",　羅東鎮　,"72,404",　羅東鎮　,"72,533",　平鎮市　,"211,146",　平鎮市　,"209,552"
　蘇澳鎮　,"36,882",　蘇澳鎮　,"37,458",　蘇澳鎮　,"37,867",　蘇澳鎮　,"38,272",　蘇澳鎮　,"38,864",　蘇澳鎮　,"39,155",　蘇澳鎮　,"39,682",　蘇澳鎮　,"40,056",　蘇澳鎮　,"40,493",　蘇澳鎮　,"40,726",　蘇澳鎮　,"41,018",　八德市　,"179,502",　八德市　,"178,889"
　頭城鎮　,"27,982",　頭城鎮　,"28,292",　頭城鎮　,"28,453",　頭城鎮　,"28,544",　頭城鎮　,"28,819",　頭城鎮　,"28,985",　頭城鎮　,"29,133",　頭城鎮　,"29,398",　頭城鎮　,"29,666",　頭城鎮　,"29,798",　頭城鎮　,"29,890",    楊梅市,"155,754",    楊梅市,"154,324"
　礁溪鄉　,"35,399",　礁溪鄉　,"34,948",　礁溪鄉　,"34,800",　礁溪鄉　,"35,057",　礁溪鄉　,"35,274",　礁溪鄉　,"35,417",　礁溪鄉　,"35,619",　礁溪鄉　,"35,777",　礁溪鄉　,"35,948",　礁溪鄉　,"35,838",　礁溪鄉　,"35,945",    大溪鎮,"91,961",    大溪鎮,"91,891"
　壯圍鄉　,"24,469",　壯圍鄉　,"24,380",　壯圍鄉　,"24,417",　壯圍鄉　,"24,391",　壯圍鄉　,"24,366",　壯圍鄉　,"24,424",　壯圍鄉　,"24,302",　壯圍鄉　,"24,250",　壯圍鄉　,"24,236",　壯圍鄉　,"24,258",　壯圍鄉　,"24,492",　蘆竹鄉　,"149,852",　蘆竹鄉　,"146,779"
　員山鄉　,"31,986",　員山鄉　,"32,138",　員山鄉　,"31,918",　員山鄉　,"32,056",　員山鄉　,"32,258",　員山鄉　,"32,284",　員山鄉　,"32,281",　員山鄉　,"32,458",　員山鄉　,"32,376",　員山鄉　,"32,277",　員山鄉　,"32,377",　大園鄉　,"83,586",　大園鄉　,"82,756"
　冬山鄉　,"53,117",　冬山鄉　,"53,249",　冬山鄉　,"52,761",　冬山鄉　,"52,928",　冬山鄉　,"53,024",　冬山鄉　,"53,103",　冬山鄉　,"52,880",　冬山鄉　,"53,289",　冬山鄉　,"53,327",　冬山鄉　,"53,634",　冬山鄉　,"53,482",　龜山鄉　,"140,509",　龜山鄉　,"139,605"
　五結鄉　,"41,600",　五結鄉　,"41,052",　五結鄉　,"40,662",　五結鄉　,"40,539",　五結鄉　,"40,297",　五結鄉　,"39,959",　五結鄉　,"39,543",　五結鄉　,"39,673",　五結鄉　,"39,657",　五結鄉　,"39,559",　五結鄉　,"39,378",　龍潭鄉　,"115,728",　龍潭鄉　,"115,146"
　三星鄉　,"21,179",　三星鄉　,"21,272",　三星鄉　,"21,235",　三星鄉　,"21,206",　三星鄉　,"21,215",　三星鄉　,"21,278",　三星鄉　,"21,359",　三星鄉　,"21,467",　三星鄉　,"21,422",　三星鄉　,"21,441",　三星鄉　,"21,503",　新屋鄉　,"48,025",　新屋鄉　,"48,276"
※大同鄉　,"5,980",※大同鄉　,"6,036",※大同鄉　,"6,139",※大同鄉　,"6,088",※大同鄉　,"6,137",※大同鄉　,"6,143",※大同鄉　,"6,242",※大同鄉　,"6,102",※大同鄉　,"6,083",※大同鄉　,"6,080",※大同鄉　,"6,127",　觀音鄉　,"63,003",　觀音鄉　,"62,612"
※南澳鄉　,"6,090",※南澳鄉　,"6,114",※南澳鄉　,"6,119",※南澳鄉　,"6,010",※南澳鄉　,"5,954",※南澳鄉　,"5,970",※南澳鄉　,"6,015",※南澳鄉　,"5,900",※南澳鄉　,"5,938",※南澳鄉　,"6,051",※南澳鄉　,"6,147",※復興鄉　,"10,625",※復興鄉　,"10,626"
新  竹  縣　,"594,641",新  竹  縣　,"589,289",新  竹  縣　,"580,503",新  竹  縣　,"575,580",新  竹  縣　,"570,775",新  竹  縣　,"563,933",新  竹  縣　,"557,010",新  竹  縣　,"552,169",新  竹  縣　,"547,481",新  竹  縣　,"542,042",新  竹  縣　,"537,630",新  竹  縣　,"530,486",新  竹  縣　,"523,993"
　竹北市　,"219,605",　竹北市　,"215,952",　竹北市　,"209,221",　竹北市　,"206,189",　竹北市　,"200,782",　竹北市　,"194,516",　竹北市　,"187,336",　竹北市　,"181,955",　竹北市　,"176,604",　竹北市　,"170,790",　竹北市　,"165,118",　竹北市　,"158,849",　竹北市　,"152,617"
　關西鎮　,"26,388",　關西鎮　,"26,825",　關西鎮　,"27,099",　關西鎮　,"27,377",　關西鎮　,"27,775",　關西鎮　,"28,055",　關西鎮　,"28,537",　關西鎮　,"28,896",　關西鎮　,"29,408",　關西鎮　,"29,936",　關西鎮　,"30,751",　關西鎮　,"30,919",　關西鎮　,"31,239"
　新埔鎮　,"33,464",　新埔鎮　,"33,234",　新埔鎮　,"33,055",　新埔鎮　,"32,975",　新埔鎮　,"33,027",　新埔鎮　,"32,798",　新埔鎮　,"33,104",　新埔鎮　,"33,415",　新埔鎮　,"33,737",　新埔鎮　,"34,111",　新埔鎮　,"34,427",　新埔鎮　,"34,674",　新埔鎮　,"34,960"
　竹東鎮　,"97,733",　竹東鎮　,"96,906",　竹東鎮　,"96,375",　竹東鎮　,"96,590",　竹東鎮　,"97,100",　竹東鎮　,"97,127",　竹東鎮　,"96,380",　竹東鎮　,"96,918",　竹東鎮　,"96,817",　竹東鎮　,"96,311",　竹東鎮　,"96,059",　竹東鎮　,"96,326",　竹東鎮　,"96,594"
　湖口鄉　,"83,748",　湖口鄉　,"82,617",　湖口鄉　,"81,232",　湖口鄉　,"79,602",　湖口鄉　,"78,971",　湖口鄉　,"77,908",　湖口鄉　,"77,668",　湖口鄉　,"77,444",　湖口鄉　,"77,524",　湖口鄉　,"77,280",　湖口鄉　,"77,210",　湖口鄉　,"76,753",　湖口鄉　,"76,501"
　橫山鄉　,"11,990",　橫山鄉　,"12,186",　橫山鄉　,"12,212",　橫山鄉　,"12,343",　橫山鄉　,"12,547",　橫山鄉　,"12,789",　橫山鄉　,"12,942",　橫山鄉　,"13,064",　橫山鄉　,"13,298",　橫山鄉　,"13,515",　橫山鄉　,"13,810",　橫山鄉　,"13,912",　橫山鄉　,"14,013"
　新豐鄉　,"59,336",　新豐鄉　,"58,956",　新豐鄉　,"58,651",　新豐鄉　,"57,908",　新豐鄉　,"57,511",　新豐鄉　,"57,292",　新豐鄉　,"56,980",　新豐鄉　,"56,836",　新豐鄉　,"56,452",　新豐鄉　,"56,125",　新豐鄉　,"55,826",　新豐鄉　,"55,386",　新豐鄉　,"54,427"
　芎林鄉　,"20,404",　芎林鄉　,"20,377",　芎林鄉　,"20,159",　芎林鄉　,"19,936",　芎林鄉　,"19,872",　芎林鄉　,"19,934",　芎林鄉　,"20,025",　芎林鄉　,"20,061",　芎林鄉　,"20,165",　芎林鄉　,"20,284",　芎林鄉　,"20,301",　芎林鄉　,"20,256",　芎林鄉　,"20,354"
　寶山鄉　,"14,534",　寶山鄉　,"14,507",　寶山鄉　,"14,391",　寶山鄉　,"14,504",　寶山鄉　,"14,619",　寶山鄉　,"14,626",　寶山鄉　,"14,647",　寶山鄉　,"14,550",　寶山鄉　,"14,378",　寶山鄉　,"14,325",　寶山鄉　,"14,365",　寶山鄉　,"14,103",　寶山鄉　,"14,085"
　北埔鄉　,"8,396",　北埔鄉　,"8,543",　北埔鄉　,"8,672",　北埔鄉　,"8,797",　北埔鄉　,"9,035",　北埔鄉　,"9,178",　北埔鄉　,"9,335",　北埔鄉　,"9,390",　北埔鄉　,"9,531",　北埔鄉　,"9,691",　北埔鄉　,"9,784",　北埔鄉　,"9,838",　北埔鄉　,"9,883"
　峨眉鄉　,"5,081",　峨眉鄉　,"5,192",　峨眉鄉　,"5,319",　峨眉鄉　,"5,309",　峨眉鄉　,"5,403",　峨眉鄉　,"5,479",　峨眉鄉　,"5,587",　峨眉鄉　,"5,538",　峨眉鄉　,"5,593",　峨眉鄉　,"5,642",　峨眉鄉　,"5,744",　峨眉鄉　,"5,764",　峨眉鄉　,"5,831"
※尖石鄉　,"9,523",※尖石鄉　,"9,552",※尖石鄉　,"9,574",※尖石鄉　,"9,577",※尖石鄉　,"9,646",※尖石鄉　,"9,638",※尖石鄉　,"9,695",※尖石鄉　,"9,543",※尖石鄉　,"9,412",※尖石鄉　,"9,417",※尖石鄉　,"9,506",※尖石鄉　,"9,167",※尖石鄉　,"8,964"
※五峰鄉　,"4,439",※五峰鄉　,"4,442",※五峰鄉　,"4,543",※五峰鄉　,"4,473",※五峰鄉　,"4,487",※五峰鄉　,"4,593",※五峰鄉　,"4,774",※五峰鄉　,"4,559",※五峰鄉　,"4,562",※五峰鄉　,"4,615",※五峰鄉　,"4,729",※五峰鄉　,"4,539",※五峰鄉　,"4,525"
苗  栗  縣　,"532,854",苗  栗  縣　,"534,575",苗  栗  縣　,"535,132",苗  栗  縣　,"538,178",苗  栗  縣　,"542,590",苗  栗  縣　,"545,459",苗  栗  縣　,"548,863",苗  栗  縣　,"553,807",苗  栗  縣　,"559,189",苗  栗  縣　,"563,912",苗  栗  縣　,"567,132",苗  栗  縣　,"565,554",苗  栗  縣　,"563,976"
　苗栗市　,"86,025",　苗栗市　,"86,307",　苗栗市　,"86,112",　苗栗市　,"86,939",　苗栗市　,"87,671",　苗栗市　,"87,976",　苗栗市　,"88,216",　苗栗市　,"89,165",　苗栗市　,"89,892",　苗栗市　,"90,469",　苗栗市　,"90,963",　苗栗市　,"91,109",　苗栗市　,"91,007"
　頭份市　,"107,478",　頭份市　,"106,350",　頭份市　,"105,354",　頭份市　,"105,084",　頭份市　,"104,441",　頭份市　,"103,701",　頭份市　,"103,081",　頭份市　,"103,147",　頭份市　,"103,157",　頭份市　,"103,239",　苑裡鎮　,"48,589",　苑裡鎮　,"48,493",　苑裡鎮　,"48,452"
　苑裡鎮　,"43,446",　苑裡鎮　,"43,728",　苑裡鎮　,"43,927",　苑裡鎮　,"44,256",　苑裡鎮　,"44,562",　苑裡鎮　,"44,848",　苑裡鎮　,"45,211",　苑裡鎮　,"45,976",　苑裡鎮　,"47,040",　苑裡鎮　,"47,849",　通霄鎮　,"36,941",　通霄鎮　,"37,155",　通霄鎮　,"37,449"
　通霄鎮　,"30,893",　通霄鎮　,"31,300",　通霄鎮　,"31,835",　通霄鎮　,"32,441",　通霄鎮　,"33,061",　通霄鎮　,"33,471",　通霄鎮　,"33,992",　通霄鎮　,"34,691",　通霄鎮　,"35,433",　通霄鎮　,"36,172",　竹南鎮　,"83,622",　竹南鎮　,"82,351",　竹南鎮　,"80,864"
　竹南鎮　,"90,668",　竹南鎮　,"89,708",　竹南鎮　,"88,364",　竹南鎮　,"87,365",　竹南鎮　,"87,190",　竹南鎮　,"86,565",　竹南鎮　,"86,130",　竹南鎮　,"85,587",　竹南鎮　,"85,010",　竹南鎮　,"84,469",　頭份鎮　,"102,654",　頭份鎮　,"101,527",　頭份鎮　,"99,993"
　後龍鎮　,"33,701",　後龍鎮　,"34,113",　後龍鎮　,"34,358",　後龍鎮　,"34,694",　後龍鎮　,"35,221",　後龍鎮　,"35,675",　後龍鎮　,"36,257",　後龍鎮　,"36,750",　後龍鎮　,"37,251",　後龍鎮　,"37,837",　後龍鎮　,"38,360",　後龍鎮　,"38,439",　後龍鎮　,"38,777"
　卓蘭鎮　,"14,890",　卓蘭鎮　,"15,212",　卓蘭鎮　,"15,514",　卓蘭鎮　,"15,866",　卓蘭鎮　,"16,196",　卓蘭鎮　,"16,448",　卓蘭鎮　,"16,732",　卓蘭鎮　,"17,134",　卓蘭鎮　,"17,612",　卓蘭鎮　,"18,057",　卓蘭鎮　,"18,353",　卓蘭鎮　,"18,460",　卓蘭鎮　,"18,480"
　大湖鄉　,"12,641",　大湖鄉　,"12,964",　大湖鄉　,"13,219",　大湖鄉　,"13,530",　大湖鄉　,"13,884",　大湖鄉　,"14,194",　大湖鄉　,"14,482",　大湖鄉　,"14,738",　大湖鄉　,"15,070",　大湖鄉　,"15,276",　大湖鄉　,"15,549",　大湖鄉　,"15,694",　大湖鄉　,"15,798"
　公館鄉　,"30,871",　公館鄉　,"31,235",　公館鄉　,"31,445",　公館鄉　,"31,867",　公館鄉　,"32,397",　公館鄉　,"32,754",　公館鄉　,"33,261",　公館鄉　,"33,773",　公館鄉　,"34,210",　公館鄉　,"34,536",　公館鄉　,"34,847",　公館鄉　,"34,790",　公館鄉　,"34,932"
　銅鑼鄉　,"16,265",　銅鑼鄉　,"16,505",　銅鑼鄉　,"16,682",　銅鑼鄉　,"16,871",　銅鑼鄉　,"17,279",　銅鑼鄉　,"17,588",　銅鑼鄉　,"17,871",　銅鑼鄉　,"18,138",　銅鑼鄉　,"18,465",　銅鑼鄉　,"18,710",　銅鑼鄉　,"18,909",　銅鑼鄉　,"19,036",　銅鑼鄉　,"19,178"
　南庄鄉　,"8,686",　南庄鄉　,"8,843",　南庄鄉　,"9,046",　南庄鄉　,"9,328",　南庄鄉　,"9,573",　南庄鄉　,"9,813",　南庄鄉　,"10,042",　南庄鄉　,"10,176",　南庄鄉　,"10,391",　南庄鄉　,"10,577",　南庄鄉　,"10,674",　南庄鄉　,"10,742",　南庄鄉　,"10,863"
　頭屋鄉　,"9,627",　頭屋鄉　,"9,788",　頭屋鄉　,"9,948",　頭屋鄉　,"10,026",　頭屋鄉　,"10,240",　頭屋鄉　,"10,455",　頭屋鄉　,"10,667",　頭屋鄉　,"10,840",　頭屋鄉　,"11,102",　頭屋鄉　,"11,236",　頭屋鄉　,"11,377",　頭屋鄉　,"11,408",　頭屋鄉　,"11,454"
　三義鄉　,"14,713",　三義鄉　,"14,949",　三義鄉　,"15,151",　三義鄉　,"15,388",　三義鄉　,"15,665",　三義鄉　,"15,970",　三義鄉　,"16,204",　三義鄉　,"16,530",　三義鄉　,"16,813",　三義鄉　,"17,020",　三義鄉　,"17,235",　三義鄉　,"17,411",　三義鄉　,"17,495"
　西湖鄉　,"6,035",　西湖鄉　,"6,258",　西湖鄉　,"6,440",　西湖鄉　,"6,558",　西湖鄉　,"6,729",　西湖鄉　,"6,877",　西湖鄉　,"7,033",　西湖鄉　,"7,154",　西湖鄉　,"7,288",　西湖鄉　,"7,466",　西湖鄉　,"7,589",　西湖鄉　,"7,649",　西湖鄉　,"7,748"
　造橋鄉　,"11,582",　造橋鄉　,"11,602",　造橋鄉　,"11,706",　造橋鄉　,"11,956",　造橋鄉　,"12,177",　造橋鄉　,"12,473",　造橋鄉　,"12,701",　造橋鄉　,"12,952",　造橋鄉　,"13,166",　造橋鄉　,"13,354",　造橋鄉　,"13,456",　造橋鄉　,"13,517",　造橋鄉　,"13,626"
　三灣鄉　,"5,814",　三灣鄉　,"5,975",　三灣鄉　,"6,143",　三灣鄉　,"6,201",　三灣鄉　,"6,364",　三灣鄉　,"6,532",　三灣鄉　,"6,613",　三灣鄉　,"6,756",　三灣鄉　,"6,884",　三灣鄉　,"6,994",　三灣鄉　,"7,132",　三灣鄉　,"7,126",　三灣鄉　,"7,191"
　獅潭鄉　,"4,008",　獅潭鄉　,"4,095",　獅潭鄉　,"4,149",　獅潭鄉　,"4,117",　獅潭鄉　,"4,158",　獅潭鄉　,"4,231",　獅潭鄉　,"4,331",　獅潭鄉　,"4,417",　獅潭鄉　,"4,475",　獅潭鄉　,"4,606",　獅潭鄉　,"4,725",　獅潭鄉　,"4,678",　獅潭鄉　,"4,777"
※泰安鄉　,"5,511",※泰安鄉　,"5,643",※泰安鄉　,"5,739",※泰安鄉　,"5,691",※泰安鄉　,"5,782",※泰安鄉　,"5,888",※泰安鄉　,"6,039",※泰安鄉　,"5,883",※泰安鄉　,"5,930",※泰安鄉　,"6,045",※泰安鄉　,"6,157",※泰安鄉　,"5,969",※泰安鄉　,"5,892"
彰  化  縣　,"1,225,675",彰  化  縣　,"1,239,048",彰  化  縣　,"1,245,239",彰  化  縣　,"1,255,330",彰  化  縣　,"1,266,670",彰  化  縣　,"1,272,802",彰  化  縣　,"1,277,824",彰  化  縣　,"1,282,458",彰  化  縣　,"1,287,146",彰  化  縣　,"1,289,072",彰  化  縣　,"1,291,474",彰  化  縣　,"1,296,013",彰  化  縣　,"1,299,868"
　彰化市　,"223,689",　彰化市　,"226,046",　彰化市　,"226,519",　彰化市　,"228,470",　彰化市　,"231,317",　彰化市　,"232,259",　彰化市　,"232,729",　彰化市　,"233,613",　彰化市　,"234,690",　彰化市　,"235,010",　彰化市　,"235,022",　彰化市　,"236,172",　彰化市　,"236,636"
　員林市　,"122,742",　員林市　,"123,004",　員林市　,"122,367",　員林市　,"122,757",　員林市　,"124,263",　員林市　,"125,008",　員林市　,"124,890",　員林市　,"124,632",　員林市　,"124,932",　員林市　,"124,837",　鹿港鎮　,"86,100",　鹿港鎮　,"85,964",　鹿港鎮　,"85,858"
　鹿港鎮　,"83,588",　鹿港鎮　,"84,643",　鹿港鎮　,"85,370",　鹿港鎮　,"85,837",　鹿港鎮　,"86,550",　鹿港鎮　,"86,931",　鹿港鎮　,"86,818",　鹿港鎮　,"86,799",　鹿港鎮　,"86,709",　鹿港鎮　,"86,407",　和美鎮　,"90,741",　和美鎮　,"90,541",　和美鎮　,"90,298"
　和美鎮　,"87,370",　和美鎮　,"88,046",　和美鎮　,"88,666",　和美鎮　,"89,558",　和美鎮　,"90,095",　和美鎮　,"90,530",　和美鎮　,"90,782",　和美鎮　,"90,986",　和美鎮　,"91,162",　和美鎮　,"91,113",　北斗鎮　,"33,198",　北斗鎮　,"33,151",　北斗鎮　,"33,280"
　北斗鎮　,"33,238",　北斗鎮　,"33,294",　北斗鎮　,"33,259",　北斗鎮　,"33,303",　北斗鎮　,"33,358",　北斗鎮　,"33,348",　北斗鎮　,"33,321",　北斗鎮　,"33,355",　北斗鎮　,"33,253",　北斗鎮　,"33,225",　員林鎮　,"124,725",　員林鎮　,"124,938",　員林鎮　,"125,141"
　溪湖鎮　,"53,385",　溪湖鎮　,"53,898",　溪湖鎮　,"54,056",　溪湖鎮　,"54,340",　溪湖鎮　,"54,814",　溪湖鎮　,"55,185",　溪湖鎮　,"55,365",　溪湖鎮　,"55,686",　溪湖鎮　,"55,675",　溪湖鎮　,"55,742",　溪湖鎮　,"55,788",　溪湖鎮　,"55,802",　溪湖鎮　,"55,899"
　田中鎮　,"38,819",　田中鎮　,"39,336",　田中鎮　,"39,693",　田中鎮　,"40,123",　田中鎮　,"40,717",　田中鎮　,"41,244",　田中鎮　,"41,541",　田中鎮　,"41,890",　田中鎮　,"42,152",　田中鎮　,"42,490",　田中鎮　,"42,745",　田中鎮　,"43,106",　田中鎮　,"43,428"
　二林鎮　,"47,119",　二林鎮　,"47,898",　二林鎮　,"48,390",　二林鎮　,"49,082",　二林鎮　,"49,687",　二林鎮　,"50,075",　二林鎮　,"50,536",　二林鎮　,"50,980",　二林鎮　,"51,516",　二林鎮　,"51,882",　二林鎮　,"52,330",　二林鎮　,"52,864",　二林鎮　,"53,198"
　線西鄉　,"16,182",　線西鄉　,"16,203",　線西鄉　,"16,303",　線西鄉　,"16,486",　線西鄉　,"16,665",　線西鄉　,"16,733",　線西鄉　,"16,860",　線西鄉　,"16,928",　線西鄉　,"16,939",　線西鄉　,"17,040",　線西鄉　,"17,119",　線西鄉　,"17,123",　線西鄉　,"17,056"
　伸港鄉　,"38,422",　伸港鄉　,"38,491",　伸港鄉　,"37,948",　伸港鄉　,"37,838",　伸港鄉　,"37,740",　伸港鄉　,"37,449",　伸港鄉　,"37,121",　伸港鄉　,"36,957",　伸港鄉　,"36,756",　伸港鄉　,"36,464",　伸港鄉　,"36,182",　伸港鄉　,"36,114",　伸港鄉　,"36,037"
　福興鄉　,"44,773",　福興鄉　,"45,186",　福興鄉　,"45,445",　福興鄉　,"45,956",　福興鄉　,"46,399",　福興鄉　,"46,748",　福興鄉　,"47,059",　福興鄉　,"47,332",　福興鄉　,"47,479",　福興鄉　,"47,618",　福興鄉　,"47,810",　福興鄉　,"48,015",　福興鄉　,"48,182"
　秀水鄉　,"37,773",　秀水鄉　,"38,141",　秀水鄉　,"38,258",　秀水鄉　,"38,633",　秀水鄉　,"38,872",　秀水鄉　,"39,068",　秀水鄉　,"39,291",　秀水鄉　,"39,357",　秀水鄉　,"39,344",　秀水鄉　,"39,352",　秀水鄉　,"39,326",　秀水鄉　,"39,385",　秀水鄉　,"39,429"
　花壇鄉　,"43,338",　花壇鄉　,"43,936",　花壇鄉　,"44,296",　花壇鄉　,"44,795",　花壇鄉　,"45,232",　花壇鄉　,"45,566",　花壇鄉　,"45,853",　花壇鄉　,"45,924",　花壇鄉　,"46,142",　花壇鄉　,"45,984",　花壇鄉　,"45,916",　花壇鄉　,"45,987",　花壇鄉　,"46,017"
　芬園鄉　,"21,772",　芬園鄉　,"22,202",　芬園鄉　,"22,456",　芬園鄉　,"22,827",　芬園鄉　,"23,188",　芬園鄉　,"23,383",　芬園鄉　,"23,583",　芬園鄉　,"23,755",　芬園鄉　,"23,881",　芬園鄉　,"24,003",　芬園鄉　,"24,155",　芬園鄉　,"24,258",　芬園鄉　,"24,457"
　大村鄉　,"39,474",　大村鄉　,"40,104",　大村鄉　,"40,392",　大村鄉　,"39,835",　大村鄉　,"38,457",　大村鄉　,"37,124",　大村鄉　,"36,968",　大村鄉　,"36,870",　大村鄉　,"36,762",　大村鄉　,"36,531",　大村鄉　,"36,457",　大村鄉　,"36,452",　大村鄉　,"36,469"
　埔鹽鄉　,"30,546",　埔鹽鄉　,"31,048",　埔鹽鄉　,"31,349",　埔鹽鄉　,"31,682",　埔鹽鄉　,"31,919",　埔鹽鄉　,"32,183",　埔鹽鄉　,"32,460",　埔鹽鄉　,"32,587",　埔鹽鄉　,"32,782",　埔鹽鄉　,"32,954",　埔鹽鄉　,"33,184",　埔鹽鄉　,"33,456",　埔鹽鄉　,"33,712"
　埔心鄉　,"33,366",　埔心鄉　,"33,625",　埔心鄉　,"33,813",　埔心鄉　,"34,037",　埔心鄉　,"34,451",　埔心鄉　,"34,734",　埔心鄉　,"34,745",　埔心鄉　,"34,836",　埔心鄉　,"34,788",　埔心鄉　,"34,833",　埔心鄉　,"34,905",　埔心鄉　,"35,034",　埔心鄉　,"35,186"
　永靖鄉　,"34,664",　永靖鄉　,"35,166",　永靖鄉　,"35,464",　永靖鄉　,"35,879",　永靖鄉　,"36,300",　永靖鄉　,"36,651",　永靖鄉　,"36,962",　永靖鄉　,"37,334",　永靖鄉　,"37,773",　永靖鄉　,"37,985",　永靖鄉　,"38,200",　永靖鄉　,"38,530",　永靖鄉　,"38,718"
　社頭鄉　,"40,842",　社頭鄉　,"41,415",　社頭鄉　,"41,606",　社頭鄉　,"42,026",　社頭鄉　,"42,436",　社頭鄉　,"42,573",　社頭鄉　,"42,882",　社頭鄉　,"43,144",　社頭鄉　,"43,342",　社頭鄉　,"43,492",　社頭鄉　,"43,705",　社頭鄉　,"43,868",　社頭鄉　,"44,211"
　二水鄉　,"13,547",　二水鄉　,"13,855",　二水鄉　,"14,168",　二水鄉　,"14,377",　二水鄉　,"14,642",　二水鄉　,"14,843",　二水鄉　,"15,153",　二水鄉　,"15,325",　二水鄉　,"15,500",　二水鄉　,"15,629",　二水鄉　,"15,830",　二水鄉　,"15,999",　二水鄉　,"16,133"
　田尾鄉　,"25,525",　田尾鄉　,"25,897",　田尾鄉　,"26,069",　田尾鄉　,"26,407",　田尾鄉　,"26,691",　田尾鄉　,"26,993",　田尾鄉　,"27,336",　田尾鄉　,"27,462",　田尾鄉　,"27,567",　田尾鄉　,"27,567",　田尾鄉　,"27,834",　田尾鄉　,"27,984",　田尾鄉　,"28,050"
　埤頭鄉　,"28,484",　埤頭鄉　,"28,946",　埤頭鄉　,"29,293",　埤頭鄉　,"29,706",　埤頭鄉　,"30,072",　埤頭鄉　,"30,394",　埤頭鄉　,"30,508",　埤頭鄉　,"30,642",　埤頭鄉　,"30,797",　埤頭鄉　,"30,869",　埤頭鄉　,"31,045",　埤頭鄉　,"31,221",　埤頭鄉　,"31,415"
　芳苑鄉　,"30,614",　芳苑鄉　,"31,131",　芳苑鄉　,"31,614",　芳苑鄉　,"32,110",　芳苑鄉　,"32,720",　芳苑鄉　,"33,084",　芳苑鄉　,"33,489",　芳苑鄉　,"33,714",　芳苑鄉　,"34,039",　芳苑鄉　,"34,352",　芳苑鄉　,"34,744",　芳苑鄉　,"35,104",　芳苑鄉　,"35,337"
　大城鄉　,"14,548",　大城鄉　,"14,992",　大城鄉　,"15,455",　大城鄉　,"15,733",　大城鄉　,"16,119",　大城鄉　,"16,359",　大城鄉　,"16,717",　大城鄉　,"16,987",　大城鄉　,"17,284",　大城鄉　,"17,516",　大城鄉　,"17,797",　大城鄉　,"18,043",　大城鄉　,"18,337"
　竹塘鄉　,"14,160",　竹塘鄉　,"14,297",　竹塘鄉　,"14,370",　竹塘鄉　,"14,584",　竹塘鄉　,"14,808",　竹塘鄉　,"14,926",　竹塘鄉　,"15,095",　竹塘鄉　,"15,303",　竹塘鄉　,"15,491",　竹塘鄉　,"15,638",　竹塘鄉　,"15,863",　竹塘鄉　,"16,040",　竹塘鄉　,"16,201"
　溪州鄉　,"27,695",　溪州鄉　,"28,248",　溪州鄉　,"28,620",　溪州鄉　,"28,949",　溪州鄉　,"29,158",　溪州鄉　,"29,411",　溪州鄉　,"29,760",　溪州鄉　,"30,060",　溪州鄉　,"30,391",　溪州鄉　,"30,539",　溪州鄉　,"30,753",　溪州鄉　,"30,862",　溪州鄉　,"31,183"
南  投  縣　,"472,299",南  投  縣　,"477,094",南  投  縣　,"479,595",南  投  縣　,"484,897",南  投  縣　,"490,832",南  投  縣　,"494,112",南  投  縣　,"497,031",南  投  縣　,"501,051",南  投  縣　,"505,163",南  投  縣　,"509,490",南  投  縣　,"514,315",南  投  縣　,"517,222",南  投  縣　,"520,196"
　南投市　,"97,042",　南投市　,"97,450",　南投市　,"97,361",　南投市　,"98,244",　南投市　,"99,081",　南投市　,"99,199",　南投市　,"99,519",　南投市　,"100,180",　南投市　,"100,960",　南投市　,"101,622",　南投市　,"102,314",　南投市　,"102,790",　南投市　,"103,285"
　埔里鎮　,"76,303",　埔里鎮　,"77,035",　埔里鎮　,"77,244",　埔里鎮　,"78,107",　埔里鎮　,"79,191",　埔里鎮　,"79,789",　埔里鎮　,"80,340",　埔里鎮　,"81,033",　埔里鎮　,"81,574",　埔里鎮　,"82,212",　埔里鎮　,"83,021",　埔里鎮　,"83,701",　埔里鎮　,"84,300"
　草屯鎮　,"97,147",　草屯鎮　,"97,120",　草屯鎮　,"96,646",　草屯鎮　,"96,923",　草屯鎮　,"97,489",　草屯鎮　,"97,608",　草屯鎮　,"97,119",　草屯鎮　,"97,875",　草屯鎮　,"98,431",　草屯鎮　,"98,837",　草屯鎮　,"99,209",　草屯鎮　,"99,297",　草屯鎮　,"99,374"
　竹山鎮　,"50,625",　竹山鎮　,"51,450",　竹山鎮　,"51,863",　竹山鎮　,"52,629",　竹山鎮　,"53,464",　竹山鎮　,"53,932",　竹山鎮　,"54,540",　竹山鎮　,"55,060",　竹山鎮　,"55,493",　竹山鎮　,"56,053",　竹山鎮　,"56,662",　竹山鎮　,"57,101",　竹山鎮　,"57,560"
　集集鎮　,"9,776",　集集鎮　,"9,924",　集集鎮　,"10,068",　集集鎮　,"10,227",　集集鎮　,"10,461",　集集鎮　,"10,615",　集集鎮　,"10,804",　集集鎮　,"10,904",　集集鎮　,"11,035",　集集鎮　,"11,229",　集集鎮　,"11,390",　集集鎮　,"11,413",　集集鎮　,"11,576"
　名間鄉　,"35,133",　名間鄉　,"35,801",　名間鄉　,"36,234",　名間鄉　,"36,925",　名間鄉　,"37,507",　名間鄉　,"37,951",　名間鄉　,"38,265",　名間鄉　,"38,796",　名間鄉　,"39,220",　名間鄉　,"39,666",　名間鄉　,"40,019",　名間鄉　,"40,382",　名間鄉　,"40,682"
　鹿谷鄉　,"15,832",　鹿谷鄉　,"16,182",　鹿谷鄉　,"16,477",　鹿谷鄉　,"16,850",　鹿谷鄉　,"17,231",　鹿谷鄉　,"17,509",　鹿谷鄉　,"17,687",　鹿谷鄉　,"17,808",　鹿谷鄉　,"18,010",　鹿谷鄉　,"18,234",　鹿谷鄉　,"18,538",　鹿谷鄉　,"18,667",　鹿谷鄉　,"18,878"
　中寮鄉　,"13,194",　中寮鄉　,"13,528",　中寮鄉　,"13,841",　中寮鄉　,"14,013",　中寮鄉　,"14,301",　中寮鄉　,"14,495",　中寮鄉　,"14,680",　中寮鄉　,"14,842",　中寮鄉　,"15,083",　中寮鄉　,"15,353",　中寮鄉　,"15,566",　中寮鄉　,"15,719",　中寮鄉　,"15,901"
　魚池鄉　,"14,414",　魚池鄉　,"14,687",　魚池鄉　,"14,892",　魚池鄉　,"15,162",　魚池鄉　,"15,466",　魚池鄉　,"15,611",　魚池鄉　,"15,753",　魚池鄉　,"15,946",　魚池鄉　,"16,154",　魚池鄉　,"16,289",　魚池鄉　,"16,501",　魚池鄉　,"16,696",　魚池鄉　,"16,747"
　國姓鄉　,"16,454",　國姓鄉　,"16,884",　國姓鄉　,"17,256",　國姓鄉　,"17,557",　國姓鄉　,"17,965",　國姓鄉　,"18,245",　國姓鄉　,"18,629",　國姓鄉　,"18,803",　國姓鄉　,"19,098",　國姓鄉　,"19,360",　國姓鄉　,"19,715",　國姓鄉　,"19,919",　國姓鄉　,"20,165"
　水里鄉　,"15,800",　水里鄉　,"16,085",　水里鄉　,"16,387",　水里鄉　,"16,665",　水里鄉　,"16,980",　水里鄉　,"17,247",　水里鄉　,"17,496",　水里鄉　,"17,803",　水里鄉　,"18,015",　水里鄉　,"18,339",　水里鄉　,"18,717",　水里鄉　,"19,071",　水里鄉　,"19,341"
※信義鄉　,"15,169",※信義鄉　,"15,410",※信義鄉　,"15,594",※信義鄉　,"15,785",※信義鄉　,"15,878",※信義鄉　,"16,006",※信義鄉　,"16,230",※信義鄉　,"16,253",※信義鄉　,"16,381",※信義鄉　,"16,525",※信義鄉　,"16,813",※信義鄉　,"16,727",※信義鄉　,"16,802"
※仁愛鄉　,"15,410",※仁愛鄉　,"15,538",※仁愛鄉　,"15,732",※仁愛鄉　,"15,810",※仁愛鄉　,"15,818",※仁愛鄉　,"15,905",※仁愛鄉　,"15,969",※仁愛鄉　,"15,748",※仁愛鄉　,"15,709",※仁愛鄉　,"15,771",※仁愛鄉　,"15,850",※仁愛鄉　,"15,739",※仁愛鄉　,"15,585"
雲  林  縣　,"658,427",雲  林  縣　,"659,468",雲  林  縣　,"664,092",雲  林  縣　,"670,132",雲  林  縣　,"676,873",雲  林  縣　,"681,306",雲  林  縣　,"686,022",雲  林  縣　,"690,373",雲  林  縣　,"694,873",雲  林  縣　,"699,633",雲  林  縣　,"705,356",雲  林  縣　,"707,792",雲  林  縣　,"710,991"
　斗六市　,"109,082",　斗六市　,"108,172",　斗六市　,"107,791",　斗六市　,"108,100",　斗六市　,"108,677",　斗六市　,"108,606",　斗六市　,"108,542",　斗六市　,"108,567",　斗六市　,"108,401",　斗六市　,"108,359",　斗六市　,"108,098",　斗六市　,"108,011",　斗六市　,"107,727"
　斗南鎮　,"43,509",　斗南鎮　,"43,218",　斗南鎮　,"43,355",　斗南鎮　,"43,584",　斗南鎮　,"44,154",　斗南鎮　,"44,296",　斗南鎮　,"44,547",　斗南鎮　,"44,941",　斗南鎮　,"45,227",　斗南鎮　,"45,590",　斗南鎮　,"46,013",　斗南鎮　,"46,271",　斗南鎮　,"46,570"
　虎尾鎮　,"70,904",　虎尾鎮　,"70,386",　虎尾鎮　,"70,305",　虎尾鎮　,"70,648",　虎尾鎮　,"70,899",　虎尾鎮　,"70,994",　虎尾鎮　,"70,844",　虎尾鎮　,"70,892",　虎尾鎮　,"70,815",　虎尾鎮　,"70,551",　虎尾鎮　,"70,269",　虎尾鎮　,"70,486",　虎尾鎮　,"70,423"
　西螺鎮　,"44,313",　西螺鎮　,"44,494",　西螺鎮　,"44,578",　西螺鎮　,"45,029",　西螺鎮　,"45,463",　西螺鎮　,"45,723",　西螺鎮　,"46,064",　西螺鎮　,"46,244",　西螺鎮　,"46,597",　西螺鎮　,"46,840",　西螺鎮　,"47,187",　西螺鎮　,"47,482",　西螺鎮　,"47,791"
　土庫鎮　,"27,361",　土庫鎮　,"27,513",　土庫鎮　,"27,650",　土庫鎮　,"27,938",　土庫鎮　,"28,305",　土庫鎮　,"28,544",　土庫鎮　,"28,794",　土庫鎮　,"28,932",　土庫鎮　,"29,275",　土庫鎮　,"29,401",　土庫鎮　,"29,697",　土庫鎮　,"29,797",　土庫鎮　,"29,957"
　北港鎮　,"37,512",　北港鎮　,"37,534",　北港鎮　,"37,849",　北港鎮　,"38,437",　北港鎮　,"39,089",　北港鎮　,"39,397",　北港鎮　,"39,905",　北港鎮　,"40,278",　北港鎮　,"40,658",　北港鎮　,"41,006",　北港鎮　,"41,528",　北港鎮　,"41,986",　北港鎮　,"42,257"
　古坑鄉　,"29,554",　古坑鄉　,"29,846",　古坑鄉　,"30,138",　古坑鄉　,"30,438",　古坑鄉　,"30,868",　古坑鄉　,"31,202",　古坑鄉　,"31,358",　古坑鄉　,"31,708",　古坑鄉　,"31,995",　古坑鄉　,"32,326",　古坑鄉　,"32,686",　古坑鄉　,"32,865",　古坑鄉　,"33,280"
　大埤鄉　,"17,794",　大埤鄉　,"17,929",　大埤鄉　,"18,231",　大埤鄉　,"18,451",　大埤鄉　,"18,604",　大埤鄉　,"18,801",　大埤鄉　,"19,030",　大埤鄉　,"19,263",　大埤鄉　,"19,480",　大埤鄉　,"19,727",　大埤鄉　,"19,989",　大埤鄉　,"20,290",　大埤鄉　,"20,582"
　莿桐鄉　,"27,450",　莿桐鄉　,"27,367",　莿桐鄉　,"27,554",　莿桐鄉　,"27,970",　莿桐鄉　,"28,311",　莿桐鄉　,"28,524",　莿桐鄉　,"28,703",　莿桐鄉　,"28,939",　莿桐鄉　,"29,089",　莿桐鄉　,"29,232",　莿桐鄉　,"29,599",　莿桐鄉　,"29,825",　莿桐鄉　,"29,906"
　林內鄉　,"16,572",　林內鄉　,"16,635",　林內鄉　,"16,930",　林內鄉　,"17,131",　林內鄉　,"17,434",　林內鄉　,"17,776",　林內鄉　,"17,995",　林內鄉　,"18,230",　林內鄉　,"18,453",　林內鄉　,"18,664",　林內鄉　,"18,970",　林內鄉　,"19,117",　林內鄉　,"19,352"
　二崙鄉　,"24,642",　二崙鄉　,"24,848",　二崙鄉　,"25,220",　二崙鄉　,"25,660",　二崙鄉　,"26,029",　二崙鄉　,"26,371",　二崙鄉　,"26,855",　二崙鄉　,"27,255",　二崙鄉　,"27,518",　二崙鄉　,"27,939",　二崙鄉　,"28,323",　二崙鄉　,"28,712",　二崙鄉　,"29,060"
　崙背鄉　,"22,599",　崙背鄉　,"22,853",　崙背鄉　,"23,098",　崙背鄉　,"23,584",　崙背鄉　,"23,784",　崙背鄉　,"24,025",　崙背鄉　,"24,345",　崙背鄉　,"24,678",　崙背鄉　,"25,083",　崙背鄉　,"25,469",　崙背鄉　,"25,896",　崙背鄉　,"26,241",　崙背鄉　,"26,570"
　麥寮鄉　,"50,001",　麥寮鄉　,"49,533",　麥寮鄉　,"49,354",　麥寮鄉　,"48,695",　麥寮鄉　,"47,951",　麥寮鄉　,"47,196",　麥寮鄉　,"46,196",　麥寮鄉　,"45,665",　麥寮鄉　,"45,126",　麥寮鄉　,"44,600",　麥寮鄉　,"43,880",　麥寮鄉　,"42,526",　麥寮鄉　,"41,096"
　東勢鄉　,"13,197",　東勢鄉　,"13,399",　東勢鄉　,"13,642",　東勢鄉　,"13,849",　東勢鄉　,"14,155",　東勢鄉　,"14,416",　東勢鄉　,"14,766",　東勢鄉　,"14,893",　東勢鄉　,"15,120",　東勢鄉　,"15,391",　東勢鄉　,"15,865",　東勢鄉　,"15,810",　東勢鄉　,"16,100"
　褒忠鄉　,"11,777",　褒忠鄉　,"11,889",　褒忠鄉　,"12,143",　褒忠鄉　,"12,279",　褒忠鄉　,"12,477",　褒忠鄉　,"12,682",　褒忠鄉　,"12,912",　褒忠鄉　,"13,010",　褒忠鄉　,"13,167",　褒忠鄉　,"13,349",　褒忠鄉　,"13,605",　褒忠鄉　,"13,706",　褒忠鄉　,"13,869"
　臺西鄉　,"21,424",　臺西鄉　,"21,739",　臺西鄉　,"22,151",　臺西鄉　,"22,558",　臺西鄉　,"23,012",　臺西鄉　,"23,312",　臺西鄉　,"23,730",　臺西鄉　,"23,954",　臺西鄉　,"24,212",　臺西鄉　,"24,576",　臺西鄉　,"24,995",　臺西鄉　,"24,897",　臺西鄉　,"25,068"
　元長鄉　,"23,020",　元長鄉　,"23,371",　元長鄉　,"23,713",　元長鄉　,"24,177",　元長鄉　,"24,694",　元長鄉　,"25,118",　元長鄉　,"25,643",　元長鄉　,"25,980",　元長鄉　,"26,361",　元長鄉　,"26,857",　元長鄉　,"27,307",　元長鄉　,"27,640",　元長鄉　,"28,002"
　四湖鄉　,"20,698",　四湖鄉　,"21,017",　四湖鄉　,"21,582",　四湖鄉　,"21,891",　四湖鄉　,"22,387",　四湖鄉　,"22,749",　四湖鄉　,"23,209",　四湖鄉　,"23,667",　四湖鄉　,"24,151",　四湖鄉　,"24,742",　四湖鄉　,"25,415",　四湖鄉　,"25,501",　四湖鄉　,"25,907"
　口湖鄉　,"24,592",　口湖鄉　,"24,985",　口湖鄉　,"25,566",　口湖鄉　,"25,976",　口湖鄉　,"26,403",　口湖鄉　,"26,830",　口湖鄉　,"27,276",　口湖鄉　,"27,653",　口湖鄉　,"28,074",　口湖鄉　,"28,489",　口湖鄉　,"29,017",　口湖鄉　,"29,344",　口湖鄉　,"29,646"
　水林鄉　,"22,426",　水林鄉　,"22,740",　水林鄉　,"23,242",　水林鄉　,"23,737",　水林鄉　,"24,177",　水林鄉　,"24,744",　水林鄉　,"25,308",　水林鄉　,"25,624",　水林鄉　,"26,071",　水林鄉　,"26,525",　水林鄉　,"27,017",　水林鄉　,"27,285",　水林鄉　,"27,828"
嘉  義  縣　,"478,786",嘉  義  縣　,"484,560",嘉  義  縣　,"488,158",嘉  義  縣　,"493,316",嘉  義  縣　,"499,481",嘉  義  縣　,"503,113",嘉  義  縣　,"507,068",嘉  義  縣　,"511,182",嘉  義  縣　,"515,320",嘉  義  縣　,"519,839",嘉  義  縣　,"524,783",嘉  義  縣　,"529,229",嘉  義  縣　,"533,723"
　太保市　,"39,342",　太保市　,"39,299",　太保市　,"38,919",　太保市　,"38,571",　太保市　,"38,536",　太保市　,"38,301",　太保市　,"38,069",　太保市　,"37,781",　太保市　,"37,497",　太保市　,"37,212",　太保市　,"37,038",　太保市　,"37,023",　太保市　,"36,946"
　朴子市　,"40,409",　朴子市　,"40,705",　朴子市　,"40,882",　朴子市　,"41,256",　朴子市　,"41,669",　朴子市　,"41,855",　朴子市　,"42,112",　朴子市　,"42,382",　朴子市　,"42,585",　朴子市　,"42,956",　朴子市　,"43,250",　朴子市　,"43,599",　朴子市　,"43,855"
　布袋鎮　,"24,121",　布袋鎮　,"24,622",　布袋鎮　,"25,056",　布袋鎮　,"25,521",　布袋鎮　,"25,990",　布袋鎮　,"26,381",　布袋鎮　,"26,773",　布袋鎮　,"27,143",　布袋鎮　,"27,509",　布袋鎮　,"27,954",　布袋鎮　,"28,423",　布袋鎮　,"28,701",　布袋鎮　,"29,244"
　大林鎮　,"29,610",　大林鎮　,"29,815",　大林鎮　,"29,744",　大林鎮　,"30,068",　大林鎮　,"30,381",　大林鎮　,"30,684",　大林鎮　,"30,896",　大林鎮　,"31,198",　大林鎮　,"31,379",　大林鎮　,"31,697",　大林鎮　,"32,159",　大林鎮　,"32,593",　大林鎮　,"32,917"
　民雄鄉　,"69,923",　民雄鄉　,"70,248",　民雄鄉　,"70,298",　民雄鄉　,"70,675",　民雄鄉　,"71,317",　民雄鄉　,"71,362",　民雄鄉　,"71,367",　民雄鄉　,"71,693",　民雄鄉　,"71,834",　民雄鄉　,"71,862",　民雄鄉　,"71,903",　民雄鄉　,"72,096",　民雄鄉　,"72,286"
　溪口鄉　,"12,944",　溪口鄉　,"13,238",　溪口鄉　,"13,463",　溪口鄉　,"13,761",　溪口鄉　,"14,055",　溪口鄉　,"14,283",　溪口鄉　,"14,592",　溪口鄉　,"14,751",　溪口鄉　,"14,933",　溪口鄉　,"15,113",　溪口鄉　,"15,393",　溪口鄉　,"15,546",　溪口鄉　,"15,823"
　新港鄉　,"29,617",　新港鄉　,"30,094",　新港鄉　,"30,302",　新港鄉　,"30,705",　新港鄉　,"31,162",　新港鄉　,"31,420",　新港鄉　,"31,723",　新港鄉　,"31,935",　新港鄉　,"32,385",　新港鄉　,"32,797",　新港鄉　,"33,186",　新港鄉　,"33,507",　新港鄉　,"33,830"
　六腳鄉　,"20,497",　六腳鄉　,"20,889",　六腳鄉　,"21,331",　六腳鄉　,"21,774",　六腳鄉　,"22,196",　六腳鄉　,"22,540",　六腳鄉　,"22,960",　六腳鄉　,"23,318",　六腳鄉　,"23,787",　六腳鄉　,"24,202",　六腳鄉　,"24,613",　六腳鄉　,"24,947",　六腳鄉　,"25,356"
　東石鄉　,"22,201",　東石鄉　,"22,749",　東石鄉　,"23,144",　東石鄉　,"23,464",　東石鄉　,"23,766",　東石鄉　,"24,194",　東石鄉　,"24,580",　東石鄉　,"24,969",　東石鄉　,"25,307",　東石鄉　,"25,751",　東石鄉　,"26,235",　東石鄉　,"26,305",　東石鄉　,"26,713"
　義竹鄉　,"16,163",　義竹鄉　,"16,633",　義竹鄉　,"16,994",　義竹鄉　,"17,232",　義竹鄉　,"17,602",　義竹鄉　,"17,883",　義竹鄉　,"18,242",　義竹鄉　,"18,486",　義竹鄉　,"18,822",　義竹鄉　,"19,258",　義竹鄉　,"19,578",　義竹鄉　,"19,856",　義竹鄉　,"20,158"
　鹿草鄉　,"13,891",　鹿草鄉　,"14,123",　鹿草鄉　,"14,426",　鹿草鄉　,"14,658",　鹿草鄉　,"14,913",　鹿草鄉　,"15,118",　鹿草鄉　,"15,358",　鹿草鄉　,"15,577",　鹿草鄉　,"15,808",　鹿草鄉　,"16,119",　鹿草鄉　,"16,384",　鹿草鄉　,"16,652",　鹿草鄉　,"16,832"
　水上鄉　,"47,366",　水上鄉　,"47,727",　水上鄉　,"47,912",　水上鄉　,"48,529",　水上鄉　,"49,012",　水上鄉　,"49,195",　水上鄉　,"49,316",　水上鄉　,"49,744",　水上鄉　,"50,084",　水上鄉　,"50,431",　水上鄉　,"50,726",　水上鄉　,"51,289",　水上鄉　,"51,497"
　中埔鄉　,"42,190",　中埔鄉　,"42,690",　中埔鄉　,"43,048",　中埔鄉　,"43,602",　中埔鄉　,"44,131",　中埔鄉　,"44,325",　中埔鄉　,"44,584",　中埔鄉　,"44,974",　中埔鄉　,"45,395",　中埔鄉　,"45,724",　中埔鄉　,"46,156",　中埔鄉　,"46,694",　中埔鄉　,"47,025"
　竹崎鄉　,"32,759",　竹崎鄉　,"33,308",　竹崎鄉　,"33,792",　竹崎鄉　,"34,190",　竹崎鄉　,"34,797",　竹崎鄉　,"35,207",　竹崎鄉　,"35,584",　竹崎鄉　,"35,962",　竹崎鄉　,"36,226",　竹崎鄉　,"36,546",　竹崎鄉　,"36,924",　竹崎鄉　,"37,372",　竹崎鄉　,"37,923"
　梅山鄉　,"17,497",　梅山鄉　,"17,805",　梅山鄉　,"18,052",　梅山鄉　,"18,324",　梅山鄉　,"18,687",　梅山鄉　,"18,963",　梅山鄉　,"19,282",　梅山鄉　,"19,475",　梅山鄉　,"19,800",　梅山鄉　,"20,010",　梅山鄉　,"20,304",　梅山鄉　,"20,576",　梅山鄉　,"20,842"
　番路鄉　,"10,697",　番路鄉　,"10,867",　番路鄉　,"10,938",　番路鄉　,"11,033",　番路鄉　,"11,180",　番路鄉　,"11,262",　番路鄉　,"11,430",　番路鄉　,"11,599",　番路鄉　,"11,695",　番路鄉　,"11,865",　番路鄉　,"12,089",　番路鄉　,"12,174",　番路鄉　,"12,227"
　大埔鄉　,"4,323",　大埔鄉　,"4,444",　大埔鄉　,"4,476",　大埔鄉　,"4,533",　大埔鄉　,"4,560",　大埔鄉　,"4,596",　大埔鄉　,"4,603",　大埔鄉　,"4,564",　大埔鄉　,"4,610",　大埔鄉　,"4,621",　大埔鄉　,"4,658",　大埔鄉　,"4,567",　大埔鄉　,"4,547"
※阿里山鄉,"5,236",※阿里山鄉,"5,304",※阿里山鄉,"5,381",※阿里山鄉,"5,420",※阿里山鄉,"5,527",※阿里山鄉,"5,544",※阿里山鄉,"5,597",※阿里山鄉,"5,631",※阿里山鄉,"5,664",※阿里山鄉,"5,721",※阿里山鄉,"5,764",※阿里山鄉,"5,732",※阿里山鄉,"5,702"
屏  東  縣　,"789,239",屏  東  縣　,"794,997",屏  東  縣　,"798,703",屏  東  縣　,"804,440",屏  東  縣　,"812,658",屏  東  縣　,"819,184",屏  東  縣　,"825,406",屏  東  縣　,"829,939",屏  東  縣　,"835,792",屏  東  縣　,"841,253",屏  東  縣　,"847,917",屏  東  縣　,"852,286",屏  東  縣　,"858,441"
　屏東市　,"192,657",　屏東市　,"193,810",　屏東市　,"193,941",　屏東市　,"195,862",　屏東市　,"197,647",　屏東市　,"198,990",　屏東市　,"199,606",　屏東市　,"200,452",　屏東市　,"201,644",　屏東市　,"202,562",　屏東市　,"203,866",　屏東市　,"205,945",　屏東市　,"207,862"
　潮州鎮　,"53,575",　潮州鎮　,"53,325",　潮州鎮　,"53,124",　潮州鎮　,"53,546",　潮州鎮　,"53,842",　潮州鎮　,"53,831",　潮州鎮　,"53,893",　潮州鎮　,"54,377",　潮州鎮　,"54,703",　潮州鎮　,"54,719",　潮州鎮　,"54,738",　潮州鎮　,"55,207",　潮州鎮　,"55,205"
　東港鎮　,"45,936",　東港鎮　,"45,946",　東港鎮　,"45,908",　東港鎮　,"46,268",　東港鎮　,"46,731",　東港鎮　,"47,161",　東港鎮　,"47,613",　東港鎮　,"47,866",　東港鎮　,"48,097",　東港鎮　,"48,058",　東港鎮　,"48,262",　東港鎮　,"48,585",　東港鎮　,"49,185"
　恆春鎮　,"29,375",　恆春鎮　,"29,747",　恆春鎮　,"29,899",　恆春鎮　,"30,089",　恆春鎮　,"30,414",　恆春鎮　,"30,662",　恆春鎮　,"30,818",　恆春鎮　,"30,726",　恆春鎮　,"30,783",　恆春鎮　,"30,874",　恆春鎮　,"30,859",　恆春鎮　,"30,823",　恆春鎮　,"30,758"
　萬丹鄉　,"48,946",　萬丹鄉　,"49,252",　萬丹鄉　,"49,457",　萬丹鄉　,"49,696",　萬丹鄉　,"50,126",　萬丹鄉　,"50,427",　萬丹鄉　,"50,514",　萬丹鄉　,"50,935",　萬丹鄉　,"51,261",　萬丹鄉　,"51,647",　萬丹鄉　,"52,085",　萬丹鄉　,"52,536",　萬丹鄉　,"53,125"
　長治鄉　,"29,229",　長治鄉　,"29,190",　長治鄉　,"29,126",　長治鄉　,"29,337",　長治鄉　,"29,470",　長治鄉　,"29,536",　長治鄉　,"29,677",　長治鄉　,"30,008",　長治鄉　,"30,159",　長治鄉　,"30,305",　長治鄉　,"30,429",　長治鄉　,"30,488",　長治鄉　,"30,600"
　麟洛鄉　,"10,483",　麟洛鄉　,"10,544",　麟洛鄉　,"10,592",　麟洛鄉　,"10,629",　麟洛鄉　,"10,770",　麟洛鄉　,"10,906",　麟洛鄉　,"11,036",　麟洛鄉　,"11,076",　麟洛鄉　,"11,125",　麟洛鄉　,"11,231",　麟洛鄉　,"11,313",　麟洛鄉　,"11,303",　麟洛鄉　,"11,301"
　九如鄉　,"21,552",　九如鄉　,"21,639",　九如鄉　,"21,645",　九如鄉　,"21,734",　九如鄉　,"21,962",　九如鄉　,"21,989",　九如鄉　,"22,061",　九如鄉　,"22,110",　九如鄉　,"22,083",　九如鄉　,"22,090",　九如鄉　,"22,172",　九如鄉　,"22,408",　九如鄉　,"22,563"
　里港鄉　,"25,347",　里港鄉　,"25,623",　里港鄉　,"25,685",　里港鄉　,"25,696",　里港鄉　,"25,707",　里港鄉　,"25,853",　里港鄉　,"26,044",　里港鄉　,"26,459",　里港鄉　,"26,995",　里港鄉　,"27,040",　里港鄉　,"26,814",　里港鄉　,"26,506",　里港鄉　,"26,282"
　鹽埔鄉　,"23,529",　鹽埔鄉　,"23,976",　鹽埔鄉　,"24,266",　鹽埔鄉　,"24,586",　鹽埔鄉　,"24,999",　鹽埔鄉　,"25,332",　鹽埔鄉　,"25,719",　鹽埔鄉　,"25,997",　鹽埔鄉　,"26,199",　鹽埔鄉　,"26,361",　鹽埔鄉　,"26,629",　鹽埔鄉　,"26,660",　鹽埔鄉　,"26,802"
　高樹鄉　,"22,336",　高樹鄉　,"22,764",　高樹鄉　,"23,182",　高樹鄉　,"23,439",　高樹鄉　,"23,775",　高樹鄉　,"24,006",　高樹鄉　,"24,384",　高樹鄉　,"24,622",　高樹鄉　,"24,882",　高樹鄉　,"25,163",　高樹鄉　,"25,520",　高樹鄉　,"25,682",　高樹鄉　,"25,999"
　萬巒鄉　,"19,010",　萬巒鄉　,"19,239",　萬巒鄉　,"19,478",　萬巒鄉　,"19,915",　萬巒鄉　,"20,189",　萬巒鄉　,"20,473",　萬巒鄉　,"20,593",　萬巒鄉　,"20,556",　萬巒鄉　,"20,609",　萬巒鄉　,"20,765",　萬巒鄉　,"20,918",　萬巒鄉　,"21,164",　萬巒鄉　,"21,391"
　內埔鄉　,"52,646",　內埔鄉　,"52,501",　內埔鄉　,"52,258",　內埔鄉　,"52,544",　內埔鄉　,"53,330",　內埔鄉　,"53,583",　內埔鄉　,"54,115",　內埔鄉　,"54,707",　內埔鄉　,"55,181",　內埔鄉　,"55,644",　內埔鄉　,"56,148",　內埔鄉　,"56,550",　內埔鄉　,"57,070"
　竹田鄉　,"15,581",　竹田鄉　,"15,807",　竹田鄉　,"16,073",　竹田鄉　,"16,318",　竹田鄉　,"16,615",　竹田鄉　,"16,863",　竹田鄉　,"17,119",　竹田鄉　,"17,158",　竹田鄉　,"17,351",　竹田鄉　,"17,544",　竹田鄉　,"17,719",　竹田鄉　,"17,806",　竹田鄉　,"18,041"
　新埤鄉　,"9,177",　新埤鄉　,"9,353",　新埤鄉　,"9,623",　新埤鄉　,"9,451",　新埤鄉　,"9,561",　新埤鄉　,"9,737",　新埤鄉　,"9,981",　新埤鄉　,"9,936",　新埤鄉　,"9,927",　新埤鄉　,"10,058",　新埤鄉　,"10,232",　新埤鄉　,"10,243",　新埤鄉　,"10,373"
　枋寮鄉　,"22,593",　枋寮鄉　,"22,757",　枋寮鄉　,"22,969",　枋寮鄉　,"23,246",　枋寮鄉　,"23,680",　枋寮鄉　,"24,023",　枋寮鄉　,"24,323",　枋寮鄉　,"24,571",　枋寮鄉　,"24,826",　枋寮鄉　,"25,120",　枋寮鄉　,"25,482",　枋寮鄉　,"25,693",　枋寮鄉　,"25,971"
　新園鄉　,"32,198",　新園鄉　,"32,674",　新園鄉　,"33,091",　新園鄉　,"33,447",　新園鄉　,"33,939",　新園鄉　,"34,468",　新園鄉　,"34,880",　新園鄉　,"35,321",　新園鄉　,"35,680",　新園鄉　,"36,217",　新園鄉　,"36,692",　新園鄉　,"37,117",　新園鄉　,"37,429"
　崁頂鄉　,"14,932",　崁頂鄉　,"15,245",　崁頂鄉　,"15,168",　崁頂鄉　,"15,272",　崁頂鄉　,"15,378",　崁頂鄉　,"15,419",　崁頂鄉　,"15,519",　崁頂鄉　,"15,720",　崁頂鄉　,"15,916",　崁頂鄉　,"16,155",　崁頂鄉　,"16,374",　崁頂鄉　,"16,429",　崁頂鄉　,"16,680"
　林邊鄉　,"16,087",　林邊鄉　,"16,449",　林邊鄉　,"16,762",　林邊鄉　,"17,023",　林邊鄉　,"17,275",　林邊鄉　,"17,583",　林邊鄉　,"17,795",　林邊鄉　,"18,080",　林邊鄉　,"18,317",　林邊鄉　,"18,896",　林邊鄉　,"19,235",　林邊鄉　,"19,573",　林邊鄉　,"19,909"
　南州鄉　,"9,698",　南州鄉　,"9,882",　南州鄉　,"10,049",　南州鄉　,"10,133",　南州鄉　,"10,364",　南州鄉　,"10,513",　南州鄉　,"10,639",　南州鄉　,"10,670",　南州鄉　,"10,808",　南州鄉　,"10,857",　南州鄉　,"11,026",　南州鄉　,"11,130",　南州鄉　,"11,276"
　佳冬鄉　,"17,591",　佳冬鄉　,"17,888",　佳冬鄉　,"18,095",　佳冬鄉　,"18,321",　佳冬鄉　,"18,620",　佳冬鄉　,"18,846",　佳冬鄉　,"19,121",　佳冬鄉　,"19,380",　佳冬鄉　,"19,689",　佳冬鄉　,"19,905",　佳冬鄉　,"20,247",　佳冬鄉　,"20,538",　佳冬鄉　,"20,799"
　琉球鄉　,"12,190",　琉球鄉　,"12,265",　琉球鄉　,"12,216",　琉球鄉　,"12,104",　琉球鄉　,"12,121",　琉球鄉　,"12,232",　琉球鄉　,"12,364",　琉球鄉　,"12,337",　琉球鄉　,"12,423",　琉球鄉　,"12,517",　琉球鄉　,"12,675",　琉球鄉　,"12,415",　琉球鄉　,"12,145"
　車城鄉　,"7,842",　車城鄉　,"8,029",　車城鄉　,"8,194",　車城鄉　,"8,181",　車城鄉　,"8,278",　車城鄉　,"8,403",　車城鄉　,"8,577",　車城鄉　,"8,586",　車城鄉　,"8,741",　車城鄉　,"8,917",　車城鄉　,"9,121",　車城鄉　,"9,106",　車城鄉　,"9,196"
　滿州鄉　,"7,063",　滿州鄉　,"7,235",　滿州鄉　,"7,454",　滿州鄉　,"7,353",　滿州鄉　,"7,471",　滿州鄉　,"7,686",　滿州鄉　,"7,968",　滿州鄉　,"7,840",　滿州鄉　,"7,847",　滿州鄉　,"7,999",　滿州鄉　,"8,126",　滿州鄉　,"8,124",　滿州鄉　,"8,243"
　枋山鄉　,"4,966",　枋山鄉　,"5,013",　枋山鄉　,"5,128",　枋山鄉　,"5,150",　枋山鄉　,"5,240",　枋山鄉　,"5,349",　枋山鄉　,"5,498",　枋山鄉　,"5,478",　枋山鄉　,"5,535",　枋山鄉　,"5,644",　枋山鄉　,"5,749",　枋山鄉　,"5,775",　枋山鄉　,"5,855"
※三地門鄉,"7,683",※三地門鄉,"7,742",※三地門鄉,"7,793",※三地門鄉,"7,711",※三地門鄉,"7,689",※三地門鄉,"7,673",※三地門鄉,"7,697",※三地門鄉,"7,644",※三地門鄉,"7,662",※三地門鄉,"7,701",※三地門鄉,"7,784",※三地門鄉,"7,566",※三地門鄉,"7,522"
※霧臺鄉　,"3,235",※霧臺鄉　,"3,265",※霧臺鄉　,"3,324",※霧臺鄉　,"3,259",※霧臺鄉　,"3,247",※霧臺鄉　,"3,295",※霧臺鄉　,"3,354",※霧臺鄉　,"3,246",※霧臺鄉　,"3,285",※霧臺鄉　,"3,329",※霧臺鄉　,"3,435",※霧臺鄉　,"3,199",※霧臺鄉　,"3,106"
※瑪家鄉　,"6,696",※瑪家鄉　,"6,749",※瑪家鄉　,"6,796",※瑪家鄉　,"6,706",※瑪家鄉　,"6,768",※瑪家鄉　,"6,787",※瑪家鄉　,"6,829",※瑪家鄉　,"6,746",※瑪家鄉　,"6,773",※瑪家鄉　,"6,769",※瑪家鄉　,"6,718",※瑪家鄉　,"6,598",※瑪家鄉　,"6,584"
※泰武鄉　,"5,259",※泰武鄉　,"5,291",※泰武鄉　,"5,338",※泰武鄉　,"5,360",※泰武鄉　,"5,351",※泰武鄉　,"5,408",※泰武鄉　,"5,392",※泰武鄉　,"5,271",※泰武鄉　,"5,262",※泰武鄉　,"5,217",※泰武鄉　,"5,289",※泰武鄉　,"5,131",※泰武鄉　,"5,062"
※來義鄉　,"7,355",※來義鄉　,"7,390",※來義鄉　,"7,423",※來義鄉　,"7,397",※來義鄉　,"7,448",※來義鄉　,"7,427",※來義鄉　,"7,433",※來義鄉　,"7,465",※來義鄉　,"7,494",※來義鄉　,"7,570",※來義鄉　,"7,648",※來義鄉　,"7,610",※來義鄉　,"7,651"
※春日鄉　,"4,860",※春日鄉　,"4,874",※春日鄉　,"4,889",※春日鄉　,"4,930",※春日鄉　,"4,947",※春日鄉　,"4,944",※春日鄉　,"4,909",※春日鄉　,"4,867",※春日鄉　,"4,855",※春日鄉　,"4,806",※春日鄉　,"4,866",※春日鄉　,"4,823",※春日鄉　,"4,831"
※獅子鄉　,"4,905",※獅子鄉　,"4,777",※獅子鄉　,"4,891",※獅子鄉　,"4,888",※獅子鄉　,"4,839",※獅子鄉　,"4,912",※獅子鄉　,"4,954",※獅子鄉　,"4,806",※獅子鄉　,"4,827",※獅子鄉　,"4,806",※獅子鄉　,"4,882",※獅子鄉　,"4,776",※獅子鄉　,"4,789"
※牡丹鄉　,"4,707",※牡丹鄉　,"4,756",※牡丹鄉　,"4,866",※牡丹鄉　,"4,849",※牡丹鄉　,"4,865",※牡丹鄉　,"4,867",※牡丹鄉　,"4,981",※牡丹鄉　,"4,926",※牡丹鄉　,"4,853",※牡丹鄉　,"4,767",※牡丹鄉　,"4,864",※牡丹鄉　,"4,777",※牡丹鄉　,"4,836"
臺  東  縣　,"210,219",臺  東  縣　,"211,544",臺  東  縣　,"212,551",臺  東  縣　,"213,386",臺  東  縣　,"215,261",臺  東  縣　,"216,781",臺  東  縣　,"218,919",臺  東  縣　,"219,540",臺  東  縣　,"220,802",臺  東  縣　,"222,452",臺  東  縣　,"224,470",臺  東  縣　,"224,821",臺  東  縣　,"226,252"
　臺東市　,"103,115",　臺東市　,"103,281",　臺東市　,"103,252",　臺東市　,"103,943",　臺東市　,"104,803",　臺東市　,"105,202",　臺東市　,"105,573",　臺東市　,"105,960",　臺東市　,"106,368",　臺東市　,"106,759",　臺東市　,"106,929",　臺東市　,"107,316",　臺東市　,"107,720"
　成功鎮　,"12,926",　成功鎮　,"13,078",　成功鎮　,"13,212",　成功鎮　,"13,330",　成功鎮　,"13,505",　成功鎮　,"13,748",　成功鎮　,"14,059",　成功鎮　,"14,238",　成功鎮　,"14,411",　成功鎮　,"14,652",　成功鎮　,"14,943",　成功鎮　,"15,051",　成功鎮　,"15,253"
　關山鎮　,"7,954",　關山鎮　,"8,052",　關山鎮　,"8,165",　關山鎮　,"8,274",　關山鎮　,"8,420",　關山鎮　,"8,575",　關山鎮　,"8,703",　關山鎮　,"8,742",　關山鎮　,"8,811",　關山鎮　,"8,923",　關山鎮　,"9,111",　關山鎮　,"9,268",　關山鎮　,"9,425"
　卑南鄉　,"16,472",　卑南鄉　,"16,601",　卑南鄉　,"16,846",　卑南鄉　,"16,833",　卑南鄉　,"16,961",　卑南鄉　,"17,132",　卑南鄉　,"17,269",　卑南鄉　,"17,399",　卑南鄉　,"17,443",　卑南鄉　,"17,507",　卑南鄉　,"17,700",　卑南鄉　,"17,763",　卑南鄉　,"17,834"
　大武鄉　,"5,465",　大武鄉　,"5,553",　大武鄉　,"5,635",　大武鄉　,"5,635",　大武鄉　,"5,727",　大武鄉　,"5,851",　大武鄉　,"6,046",　大武鄉　,"6,117",　大武鄉　,"6,238",　大武鄉　,"6,324",　大武鄉　,"6,565",　大武鄉　,"6,531",　大武鄉　,"6,632"
　太麻里鄉,"10,569",　太麻里鄉,"10,679",　太麻里鄉,"10,744",　太麻里鄉,"10,819",　太麻里鄉,"10,925",　太麻里鄉,"10,984",　太麻里鄉,"11,147",　太麻里鄉,"11,163",　太麻里鄉,"11,304",　太麻里鄉,"11,374",　太麻里鄉,"11,507",　太麻里鄉,"11,595",　太麻里鄉,"11,669"
　東河鄉　,"7,822",　東河鄉　,"7,896",　東河鄉　,"8,060",　東河鄉　,"8,106",　東河鄉　,"8,203",　東河鄉　,"8,349",　東河鄉　,"8,479",　東河鄉　,"8,517",　東河鄉　,"8,686",　東河鄉　,"8,847",　東河鄉　,"9,000",　東河鄉　,"8,992",　東河鄉　,"9,108"
　長濱鄉　,"6,538",　長濱鄉　,"6,649",　長濱鄉　,"6,733",　長濱鄉　,"6,791",　長濱鄉　,"6,926",　長濱鄉　,"7,021",　長濱鄉　,"7,182",　長濱鄉　,"7,260",　長濱鄉　,"7,399",　長濱鄉　,"7,579",　長濱鄉　,"7,756",　長濱鄉　,"7,733",　長濱鄉　,"7,869"
　鹿野鄉　,"7,047",　鹿野鄉　,"7,193",　鹿野鄉　,"7,314",　鹿野鄉　,"7,482",　鹿野鄉　,"7,601",　鹿野鄉　,"7,744",　鹿野鄉　,"7,875",　鹿野鄉　,"7,951",　鹿野鄉　,"8,018",　鹿野鄉　,"8,107",　鹿野鄉　,"8,202",　鹿野鄉　,"8,229",　鹿野鄉　,"8,304"
　池上鄉　,"7,696",　池上鄉　,"7,858",　池上鄉　,"7,995",　池上鄉　,"7,976",　池上鄉　,"8,073",　池上鄉　,"8,141",　池上鄉　,"8,199",　池上鄉　,"8,248",　池上鄉　,"8,375",　池上鄉　,"8,488",　池上鄉　,"8,591",　池上鄉　,"8,679",　池上鄉　,"8,824"
　綠島鄉　,"4,385",　綠島鄉　,"4,373",　綠島鄉　,"4,285",　綠島鄉　,"4,124",　綠島鄉　,"4,026",　綠島鄉　,"4,045",　綠島鄉　,"4,097",　綠島鄉　,"3,926",　綠島鄉　,"3,724",　綠島鄉　,"3,775",　綠島鄉　,"3,808",　綠島鄉　,"3,580",　綠島鄉　,"3,462"
※延平鄉　,"3,557",※延平鄉　,"3,567",※延平鄉　,"3,630",※延平鄉　,"3,591",※延平鄉　,"3,549",※延平鄉　,"3,540",※延平鄉　,"3,628",※延平鄉　,"3,551",※延平鄉　,"3,523",※延平鄉　,"3,575",※延平鄉　,"3,614",※延平鄉　,"3,552",※延平鄉　,"3,551"
※海端鄉　,"4,300",※海端鄉　,"4,275",※海端鄉　,"4,222",※海端鄉　,"4,151",※海端鄉　,"4,105",※海端鄉　,"4,120",※海端鄉　,"4,186",※海端鄉　,"4,222",※海端鄉　,"4,283",※海端鄉　,"4,322",※海端鄉　,"4,378",※海端鄉　,"4,363",※海端鄉　,"4,379"
※達仁鄉　,"3,409",※達仁鄉　,"3,439",※達仁鄉　,"3,482",※達仁鄉　,"3,437",※達仁鄉　,"3,489",※達仁鄉　,"3,499",※達仁鄉　,"3,580",※達仁鄉　,"3,518",※達仁鄉　,"3,524",※達仁鄉　,"3,589",※達仁鄉　,"3,721",※達仁鄉　,"3,762",※達仁鄉　,"3,832"
※金峰鄉　,"3,687",※金峰鄉　,"3,732",※金峰鄉　,"3,713",※金峰鄉　,"3,663",※金峰鄉　,"3,699",※金峰鄉　,"3,703",※金峰鄉　,"3,739",※金峰鄉　,"3,653",※金峰鄉　,"3,612",※金峰鄉　,"3,586",※金峰鄉　,"3,669",※金峰鄉　,"3,502",※金峰鄉　,"3,520"
※蘭嶼鄉　,"5,277",※蘭嶼鄉　,"5,318",※蘭嶼鄉　,"5,263",※蘭嶼鄉　,"5,231",※蘭嶼鄉　,"5,249",※蘭嶼鄉　,"5,127",※蘭嶼鄉　,"5,157",※蘭嶼鄉　,"5,075",※蘭嶼鄉　,"5,083",※蘭嶼鄉　,"5,045",※蘭嶼鄉　,"4,976",※蘭嶼鄉　,"4,905",※蘭嶼鄉　,"4,870"
花  蓮  縣　,"315,374",花  蓮  縣　,"317,489",花  蓮  縣　,"318,892",花  蓮  縣　,"321,358",花  蓮  縣　,"324,372",花  蓮  縣　,"326,247",花  蓮  縣　,"327,968",花  蓮  縣　,"329,237",花  蓮  縣　,"330,911",花  蓮  縣　,"331,945",花  蓮  縣　,"333,392",花  蓮  縣　,"333,897",花  蓮  縣　,"335,190"
　花蓮市　,"98,324",　花蓮市　,"99,043",　花蓮市　,"99,558",　花蓮市　,"100,955",　花蓮市　,"102,539",　花蓮市　,"103,404",　花蓮市　,"103,841",　花蓮市　,"104,380",　花蓮市　,"105,034",　花蓮市　,"105,724",　花蓮市　,"106,368",　花蓮市　,"107,281",　花蓮市　,"108,077"
　鳳林鎮　,"10,306",　鳳林鎮　,"10,435",　鳳林鎮　,"10,536",　鳳林鎮　,"10,679",　鳳林鎮　,"10,821",　鳳林鎮　,"10,802",　鳳林鎮　,"10,846",　鳳林鎮　,"10,861",　鳳林鎮　,"11,004",　鳳林鎮　,"11,115",　鳳林鎮　,"11,237",　鳳林鎮　,"11,397",　鳳林鎮　,"11,532"
　玉里鎮　,"21,670",　玉里鎮　,"22,034",　玉里鎮　,"22,408",　玉里鎮　,"22,878",　玉里鎮　,"23,381",　玉里鎮　,"23,648",　玉里鎮　,"24,007",　玉里鎮　,"24,345",　玉里鎮　,"24,740",　玉里鎮　,"25,013",　玉里鎮　,"25,396",　玉里鎮　,"25,695",　玉里鎮　,"26,055"
　新城鄉　,"20,323",　新城鄉　,"20,307",　新城鄉　,"20,256",　新城鄉　,"20,252",　新城鄉　,"20,058",　新城鄉　,"20,083",　新城鄉　,"20,159",　新城鄉　,"20,185",　新城鄉　,"20,274",　新城鄉　,"20,216",　新城鄉　,"20,286",　新城鄉　,"20,148",　新城鄉　,"20,131"
　吉安鄉　,"83,135",　吉安鄉　,"83,175",　吉安鄉　,"82,795",　吉安鄉　,"83,122",　吉安鄉　,"83,507",　吉安鄉　,"83,583",　吉安鄉　,"83,221",　吉安鄉　,"83,747",　吉安鄉　,"83,656",　吉安鄉　,"83,240",　吉安鄉　,"82,577",　吉安鄉　,"82,157",　吉安鄉　,"81,325"
　壽豐鄉　,"16,737",　壽豐鄉　,"16,903",　壽豐鄉　,"17,133",　壽豐鄉　,"17,351",　壽豐鄉　,"17,589",　壽豐鄉　,"17,820",　壽豐鄉　,"17,949",　壽豐鄉　,"18,043",　壽豐鄉　,"18,146",　壽豐鄉　,"18,195",　壽豐鄉　,"18,237",　壽豐鄉　,"18,109",　壽豐鄉　,"18,265"
　光復鄉　,"11,534",　光復鄉　,"11,739",　光復鄉　,"12,015",　光復鄉　,"12,185",　光復鄉　,"12,369",　光復鄉　,"12,536",　光復鄉　,"12,789",　光復鄉　,"12,888",　光復鄉　,"13,032",　光復鄉　,"13,219",　光復鄉　,"13,395",　光復鄉　,"13,459",　光復鄉　,"13,613"
　豐濱鄉　,"4,147",　豐濱鄉　,"4,213",　豐濱鄉　,"4,315",　豐濱鄉　,"4,327",　豐濱鄉　,"4,376",　豐濱鄉　,"4,476",　豐濱鄉　,"4,752",　豐濱鄉　,"4,383",　豐濱鄉　,"4,439",　豐濱鄉　,"4,541",　豐濱鄉　,"4,706",　豐濱鄉　,"4,632",　豐濱鄉　,"4,668"
　瑞穗鄉　,"10,584",　瑞穗鄉　,"10,755",　瑞穗鄉　,"10,968",　瑞穗鄉　,"11,123",　瑞穗鄉　,"11,312",　瑞穗鄉　,"11,433",　瑞穗鄉　,"11,668",　瑞穗鄉　,"11,653",　瑞穗鄉　,"11,757",　瑞穗鄉　,"11,926",　瑞穗鄉　,"12,107",　瑞穗鄉　,"12,170",　瑞穗鄉　,"12,372"
　富里鄉　,"9,530",　富里鄉　,"9,627",　富里鄉　,"9,689",　富里鄉　,"9,812",　富里鄉　,"10,004",　富里鄉　,"10,161",　富里鄉　,"10,277",　富里鄉　,"10,413",　富里鄉　,"10,557",　富里鄉　,"10,633",　富里鄉　,"10,849",　富里鄉　,"10,966",　富里鄉　,"11,189"
※秀林鄉　,"17,095",※秀林鄉　,"17,200",※秀林鄉　,"16,992",※秀林鄉　,"16,555",※秀林鄉　,"16,143",※秀林鄉　,"15,953",※秀林鄉　,"15,939",※秀林鄉　,"15,889",※秀林鄉　,"15,796",※秀林鄉　,"15,666",※秀林鄉　,"15,494",※秀林鄉　,"15,267",※秀林鄉　,"15,167"
※萬榮鄉　,"6,070",※萬榮鄉　,"6,085",※萬榮鄉　,"6,175",※萬榮鄉　,"6,152",※萬榮鄉　,"6,237",※萬榮鄉　,"6,313",※萬榮鄉　,"6,419",※萬榮鄉　,"6,384",※萬榮鄉　,"6,440",※萬榮鄉　,"6,420",※萬榮鄉　,"6,530",※萬榮鄉　,"6,495",※萬榮鄉　,"6,612"
※卓溪鄉　,"5,919",※卓溪鄉　,"5,973",※卓溪鄉　,"6,052",※卓溪鄉　,"5,967",※卓溪鄉　,"6,036",※卓溪鄉　,"6,035",※卓溪鄉　,"6,101",※卓溪鄉　,"6,066",※卓溪鄉　,"6,036",※卓溪鄉　,"6,037",※卓溪鄉　,"6,210",※卓溪鄉　,"6,121",※卓溪鄉　,"6,184"
澎  湖  縣　,"107,901",澎  湖  縣　,"107,739",澎  湖  縣　,"107,223",澎  湖  縣　,"106,340",澎  湖  縣　,"105,952",澎  湖  縣　,"105,207",澎  湖  縣　,"104,440",澎  湖  縣　,"104,073",澎  湖  縣　,"103,263",澎  湖  縣　,"102,304",澎  湖  縣　,"101,758",澎  湖  縣　,"100,400",澎  湖  縣　,"98,843"
　馬公市　,"64,078",　馬公市　,"63,957",　馬公市　,"63,657",　馬公市　,"63,289",　馬公市　,"63,206",　馬公市　,"62,999",　馬公市　,"62,610",　馬公市　,"62,308",　馬公市　,"61,740",　馬公市　,"60,924",　馬公市　,"60,335",　馬公市　,"59,502",　馬公市　,"58,490"
　湖西鄉　,"16,124",　湖西鄉　,"16,059",　湖西鄉　,"15,820",　湖西鄉　,"15,447",　湖西鄉　,"15,230",　湖西鄉　,"14,997",　湖西鄉　,"14,594",　湖西鄉　,"14,508",　湖西鄉　,"14,435",　湖西鄉　,"14,413",　湖西鄉　,"14,315",　湖西鄉　,"14,221",　湖西鄉　,"13,915"
　白沙鄉　,"10,137",　白沙鄉　,"10,087",　白沙鄉　,"10,047",　白沙鄉　,"9,989",　白沙鄉　,"9,907",　白沙鄉　,"9,833",　白沙鄉　,"9,827",　白沙鄉　,"9,817",　白沙鄉　,"9,799",　白沙鄉　,"9,710",　白沙鄉　,"9,799",　白沙鄉　,"9,591",　白沙鄉　,"9,491"
　西嶼鄉　,"8,207",　西嶼鄉　,"8,290",　西嶼鄉　,"8,341",　西嶼鄉　,"8,338",　西嶼鄉　,"8,353",　西嶼鄉　,"8,306",　西嶼鄉　,"8,349",　西嶼鄉　,"8,408",　西嶼鄉　,"8,403",　西嶼鄉　,"8,417",　西嶼鄉　,"8,438",　西嶼鄉　,"8,403",　西嶼鄉　,"8,354"
　望安鄉　,"5,424",　望安鄉　,"5,409",　望安鄉　,"5,448",　望安鄉　,"5,415",　望安鄉　,"5,371",　望安鄉　,"5,273",　望安鄉　,"5,235",　望安鄉　,"5,176",　望安鄉　,"5,131",　望安鄉　,"5,091",　望安鄉　,"5,117",　望安鄉　,"5,021",　望安鄉　,"4,995"
　七美鄉　,"3,931",　七美鄉　,"3,937",　七美鄉　,"3,910",　七美鄉　,"3,862",　七美鄉　,"3,885",　七美鄉　,"3,799",　七美鄉　,"3,825",　七美鄉　,"3,856",　七美鄉　,"3,755",　七美鄉　,"3,749",　七美鄉　,"3,754",　七美鄉　,"3,662",　七美鄉　,"3,598"
基  隆  市　,"361,441",基  隆  市　,"362,255",基  隆  市　,"361,526",基  隆  市　,"363,977",基  隆  市　,"367,577",基  隆  市　,"368,893",基  隆  市　,"370,155",基  隆  市　,"371,458",基  隆  市　,"372,100",基  隆  市　,"372,105",基  隆  市　,"373,077",基  隆  市　,"374,914",基  隆  市　,"377,153"
　中正區　,"50,950",　中正區　,"50,646",　中正區　,"50,574",　中正區　,"50,654",　中正區　,"51,224",　中正區　,"51,483",　中正區　,"51,670",　中正區　,"52,163",　中正區　,"52,572",　中正區　,"52,710",　中正區　,"53,094",　中正區　,"53,571",　中正區　,"54,020"
　七堵區　,"52,528",　七堵區　,"52,757",　七堵區　,"53,003",　七堵區　,"53,276",　七堵區　,"53,615",　七堵區　,"53,732",　七堵區　,"53,782",　七堵區　,"53,972",　七堵區　,"54,103",　七堵區　,"54,060",　七堵區　,"53,974",　七堵區　,"54,041",　七堵區　,"54,217"
　暖暖區　,"38,334",　暖暖區　,"38,450",　暖暖區　,"38,320",　暖暖區　,"38,398",　暖暖區　,"38,548",　暖暖區　,"38,535",　暖暖區　,"38,619",　暖暖區　,"38,708",　暖暖區　,"38,407",　暖暖區　,"38,379",　暖暖區　,"38,188",　暖暖區　,"37,860",　暖暖區　,"37,851"
　仁愛區　,"40,515",　仁愛區　,"41,131",　仁愛區　,"41,328",　仁愛區　,"41,842",　仁愛區　,"42,787",　仁愛區　,"43,201",　仁愛區　,"43,730",　仁愛區　,"44,314",　仁愛區　,"45,021",　仁愛區　,"45,626",　仁愛區　,"46,244",　仁愛區　,"47,034",　仁愛區　,"47,741"
　中山區　,"45,859",　中山區　,"45,459",　中山區　,"45,038",　中山區　,"45,755",　中山區　,"46,459",　中山區　,"46,897",　中山區　,"47,398",　中山區　,"47,908",　中山區　,"48,115",　中山區　,"48,397",　中山區　,"48,733",　中山區　,"49,254",　中山區　,"49,794"
　安樂區　,"80,060",　安樂區　,"80,440",　安樂區　,"80,297",　安樂區　,"81,001",　安樂區　,"81,776",　安樂區　,"82,267",　安樂區　,"82,294",　安樂區　,"82,358",　安樂區　,"82,014",　安樂區　,"81,329",　安樂區　,"81,580",　安樂區　,"81,906",　安樂區　,"82,285"
　信義區　,"53,195",　信義區　,"53,372",　信義區　,"52,966",　信義區　,"53,051",　信義區　,"53,168",　信義區　,"52,778",　信義區　,"52,662",　信義區　,"52,035",　信義區　,"51,868",　信義區　,"51,604",　信義區　,"51,264",　信義區　,"51,248",　信義區　,"51,245"
新  竹  市　,"457,242",新  竹  市　,"456,475",新  竹  市　,"452,473",新  竹  市　,"452,640",新  竹  市　,"451,412",新  竹  市　,"448,803",新  竹  市　,"445,635",新  竹  市　,"441,132",新  竹  市　,"437,337",新  竹  市　,"434,060",新  竹  市　,"431,988",新  竹  市　,"428,483",新  竹  市　,"425,071"
　東　區　,"224,043",　東　區　,"223,826",　東　區　,"221,657",　東　區　,"221,651",　東　區　,"220,056",　東　區　,"217,841",　東　區　,"215,566",　東　區　,"212,553",　東　區　,"209,826",　東　區　,"208,142",　東　區　,"206,843",　東　區　,"204,578",　東　區　,"203,119"
　北　區　,"153,897",　北　區　,"153,759",　北　區　,"152,118",　北　區　,"152,348",　北　區　,"152,612",　北　區　,"152,351",　北　區　,"151,679",　北　區　,"150,636",　北　區　,"149,993",　北　區　,"149,156",　北　區　,"148,753",　北　區　,"148,041",　北　區　,"147,561"
　香山區　,"79,302",　香山區　,"78,890",　香山區　,"78,698",　香山區　,"78,641",　香山區　,"78,744",　香山區　,"78,611",　香山區　,"78,390",　香山區　,"77,943",　香山區　,"77,518",　香山區　,"76,762",　香山區　,"76,392",　香山區　,"75,864",　香山區　,"74,391"
嘉  義  市　,"262,177",嘉  義  市　,"263,584",嘉  義  市　,"262,924",嘉  義  市　,"264,727",嘉  義  市　,"266,005",嘉  義  市　,"267,690",嘉  義  市　,"268,622",嘉  義  市　,"269,398",嘉  義  市　,"269,874",嘉  義  市　,"270,366",嘉  義  市　,"270,883",嘉  義  市　,"270,872",嘉  義  市　,"271,220"
　東　區　,"117,300",　東　區　,"117,993",　東　區　,"117,826",　東　區　,"118,956",　東　區　,"119,715",　東　區　,"120,825",　東　區　,"121,162",　東　區　,"122,103",　東　區　,"122,462",　東　區　,"122,900",　東　區　,"123,370",　東　區　,"123,821",　東　區　,"124,242"
　西　區　,"144,877",　西　區　,"145,591",　西　區　,"145,098",　西　區　,"145,771",　西　區　,"146,290",　西　區　,"146,865",　西　區　,"147,460",　西　區　,"147,295",　西　區　,"147,412",　西　區　,"147,466",　西　區　,"147,513",　西　區　,"147,051",　西　區　,"146,978"
福  建  省　,"157,551",福  建  省　,"158,188",福  建  省　,"155,278",福  建  省　,"155,184",福  建  省　,"153,876",福  建  省　,"153,274",福  建  省　,"152,329",福  建  省　,"150,336",福  建  省　,"147,709",福  建  省　,"145,346",福  建  省　,"140,229",福  建  省　,"132,878",福  建  省　,"124,421"
金  門  縣　,"143,601",金  門  縣　,"144,149",金  門  縣　,"141,295",金  門  縣　,"141,539",金  門  縣　,"140,597",金  門  縣　,"140,185",金  門  縣　,"139,273",金  門  縣　,"137,456",金  門  縣　,"135,114",金  門  縣　,"132,799",金  門  縣　,"127,723",金  門  縣　,"120,713",金  門  縣　,"113,111"
　金城鎮　,"42,719",　金城鎮　,"43,192",　金城鎮　,"42,342",　金城鎮　,"42,845",　金城鎮　,"43,000",　金城鎮　,"43,253",　金城鎮　,"43,325",　金城鎮　,"43,285",　金城鎮　,"42,726",　金城鎮　,"42,344",　金城鎮　,"40,933",　金城鎮　,"39,062",　金城鎮　,"36,974"
　金湖鎮　,"31,209",　金湖鎮　,"31,269",　金湖鎮　,"30,636",　金湖鎮　,"30,593",　金湖鎮　,"30,400",　金湖鎮　,"30,171",　金湖鎮　,"29,856",　金湖鎮　,"29,413",　金湖鎮　,"28,833",　金湖鎮　,"28,402",　金湖鎮　,"27,368",　金湖鎮　,"26,074",　金湖鎮　,"24,623"
　金沙鎮　,"20,680",　金沙鎮　,"20,858",　金沙鎮　,"20,673",　金沙鎮　,"20,785",　金沙鎮　,"20,732",　金沙鎮　,"20,802",　金沙鎮　,"20,784",　金沙鎮　,"20,535",　金沙鎮　,"20,312",　金沙鎮　,"20,107",　金沙鎮　,"19,465",　金沙鎮　,"18,567",　金沙鎮　,"17,543"
　金寧鄉　,"35,809",　金寧鄉　,"35,400",　金寧鄉　,"34,325",　金寧鄉　,"33,901",　金寧鄉　,"33,070",　金寧鄉　,"32,531",　金寧鄉　,"31,765",　金寧鄉　,"30,838",　金寧鄉　,"30,006",　金寧鄉　,"28,833",　金寧鄉　,"27,307",　金寧鄉　,"25,118",　金寧鄉　,"22,939"
　烈嶼鄉　,"12,538",　烈嶼鄉　,"12,766",　烈嶼鄉　,"12,649",　烈嶼鄉　,"12,743",　烈嶼鄉　,"12,733",　烈嶼鄉　,"12,749",　烈嶼鄉　,"12,861",　烈嶼鄉　,"12,700",　烈嶼鄉　,"12,568",　烈嶼鄉　,"12,450",　烈嶼鄉　,"11,978",　烈嶼鄉　,"11,236",　烈嶼鄉　,"10,424"
　烏坵鄉　,646,　烏坵鄉　,664,　烏坵鄉　,670,　烏坵鄉　,672,　烏坵鄉　,662,　烏坵鄉　,679,　烏坵鄉　,682,　烏坵鄉　,685,　烏坵鄉　,669,　烏坵鄉　,663,　烏坵鄉　,672,　烏坵鄉　,656,　烏坵鄉　,608
連  江  縣　,"13,950",連  江  縣　,"14,039",連  江  縣　,"13,983",連  江  縣　,"13,645",連  江  縣　,"13,279",連  江  縣　,"13,089",連  江  縣　,"13,056",連  江  縣　,"12,880",連  江  縣　,"12,595",連  江  縣　,"12,547",連  江  縣　,"12,506",連  江  縣　,"12,165",連  江  縣　,"11,310"
　南竿鄉　,"7,815",　南竿鄉　,"7,827",　南竿鄉　,"7,797",　南竿鄉　,"7,657",　南竿鄉　,"7,638",　南竿鄉　,"7,599",　南竿鄉　,"7,663",　南竿鄉　,"7,544",　南竿鄉　,"7,382",　南竿鄉　,"7,409",　南竿鄉　,"7,496",　南竿鄉　,"7,288",　南竿鄉　,"6,780"
　北竿鄉　,"3,062",　北竿鄉　,"3,136",　北竿鄉　,"3,181",　北竿鄉　,"2,998",　北竿鄉　,"2,717",　北竿鄉　,"2,595",　北竿鄉　,"2,425",　北竿鄉　,"2,360",　北竿鄉　,"2,344",　北竿鄉　,"2,333",　北竿鄉　,"2,320",　北竿鄉　,"2,268",　北竿鄉　,"2,071"
　莒光鄉　,"1,518",　莒光鄉　,"1,504",　莒光鄉　,"1,471",　莒光鄉　,"1,496",　莒光鄉　,"1,489",　莒光鄉　,"1,543",　莒光鄉　,"1,618",　莒光鄉　,"1,624",　莒光鄉　,"1,562",　莒光鄉　,"1,535",　莒光鄉　,"1,424",　莒光鄉　,"1,438",　莒光鄉　,"1,327"
　東引鄉　,"1,555",　東引鄉　,"1,572",　東引鄉　,"1,534",　東引鄉　,"1,494",　東引鄉　,"1,435",　東引鄉　,"1,352",　東引鄉　,"1,350",　東引鄉　,"1,352",　東引鄉　,"1,307",　東引鄉　,"1,270",　東引鄉　,"1,266",　東引鄉　,"1,171",　東引鄉　,"1,132"
